path,current_project,candidate_requires_review,direct_locale_call,direct_dom_signal,source_read,transitive_dom_signal,transitive_locale_call,unresolved_dynamic_import,local_modules_seen,sample_test_body_ms,implemented_project_oct09
app/actions/agents.test.ts,browser-locales,review-english-browser,False,True,False,True,False,False,8,9,browser
app/actions/features.test.ts,browser-locales,review-english-browser,False,False,False,True,False,False,4,14,browser
app/actions/workspace-repository-secrets.test.ts,browser-locales,review-english-browser,False,False,False,True,False,False,10,9,browser
app/actions/workspaces.test.ts,browser-locales,review-english-browser,False,False,False,True,False,False,10,20,browser
app/coordinator/components/coordinator-header.test.tsx,browser-locales,review-english-browser,False,True,False,True,False,False,13,115,browser
app/coordinator/components/count-strip.test.tsx,browser-locales,review-english-browser,False,True,False,True,False,False,11,91,browser
app/coordinator/components/empty-needs-you-state.test.tsx,browser-locales,review-english-browser,False,True,False,True,False,False,57,63,browser-locales
app/coordinator/components/goal-note.test.tsx,browser-locales,review-english-browser,False,True,False,True,False,False,13,67,browser
app/coordinator/components/input-failure-banner.test.tsx,browser-locales,review-english-browser,False,True,False,True,False,False,4,59,browser
app/coordinator/components/list-error-state.test.tsx,browser-locales,review-english-browser,False,True,False,True,False,False,2,58,browser
app/coordinator/components/needs-you-item-actions.test.tsx,browser-locales,review-english-browser,False,True,False,True,False,False,23,171,browser
app/coordinator/components/needs-you-item-card.test.tsx,browser-locales,review-english-browser,False,True,False,True,False,False,54,355,browser-locales
app/coordinator/components/no-coordinator-state.test.tsx,browser-locales,review-english-browser,False,True,False,True,False,False,6,61,browser
app/coordinator/components/queue-group.test.tsx,browser-locales,review-english-browser,False,True,False,True,False,False,162,160,browser-locales
app/coordinator/components/queue-row.test.tsx,browser-locales,review-english-browser,False,True,False,True,False,False,161,54,browser-locales
app/coordinator/components/ready-to-merge-row.test.tsx,browser-locales,review-english-browser,False,True,False,True,False,False,162,175,browser-locales
app/coordinator/components/send-back-form.test.tsx,browser-locales,review-english-browser,False,True,False,True,False,False,22,406,browser
app/coordinator/components/stall-evidence-content.test.tsx,browser-locales,review-english-browser,False,True,False,True,False,False,5,121,browser
app/coordinator/components/unknown-coordinator-state.test.tsx,browser-locales,review-english-browser,False,True,False,True,False,False,6,54,browser
app/coordinator/components/watches-none-notice.test.tsx,browser-locales,review-english-browser,False,True,False,True,False,False,5,87,browser
app/coordinator/coordinator-route-content.test.tsx,browser-locales,retain-full-or-review,False,True,False,True,True,False,1482,157,browser-locales
app/coordinator/copilot/activity-chip.test.tsx,browser-locales,retain-full-or-review,False,True,False,True,True,False,603,57,browser-locales
app/coordinator/copilot/activity-display.test.ts,browser-locales,review-node,False,False,False,False,False,False,7,26,node
app/coordinator/copilot/coordinator-choice.test.ts,browser-locales,review-english-browser,False,True,False,True,False,False,2,11,browser
app/coordinator/copilot/coordinator-copilot-chip.test.tsx,browser-locales,review-english-browser,False,True,False,True,False,False,2,63,browser
app/coordinator/copilot/coordinator-copilot-focus.test.tsx,browser-locales,retain-full-or-review,False,True,False,True,True,False,1159,132,browser-locales
app/coordinator/copilot/coordinator-copilot.test.tsx,browser-locales,retain-full-or-review,False,True,False,True,True,False,1159,459,browser-locales
app/coordinator/copilot/profile-messages.test.ts,browser-locales,review-node,False,False,False,False,False,False,2,14,node
app/coordinator/copilot/use-coordinator-copilot.test.tsx,browser-locales,review-english-browser,False,True,False,True,False,False,176,263,browser-locales
app/coordinator/copilot/use-coordinator-watches.test.ts,browser-locales,review-english-browser,False,True,False,True,False,False,7,314,browser
app/coordinator/copilot/use-copilot-activity.test.tsx,browser-locales,review-english-browser,False,True,False,True,False,False,8,19,browser
app/coordinator/copilot/use-copilot-panel-width.test.ts,browser-locales,review-english-browser,False,True,False,True,False,False,13,21,browser
app/coordinator/copilot/use-page-context.test.tsx,browser-locales,review-english-browser,False,True,False,True,False,False,137,56,browser-locales
app/coordinator/copilot/workspace-copilot-host.test.tsx,browser-locales,retain-full-or-review,False,True,False,True,True,True,3463,252,browser-locales
app/coordinator/copilot/workspace-copilot-panel.test.tsx,browser-locales,retain-full-or-review,False,True,False,True,True,False,1159,133,browser-locales
app/coordinator/needs-you-page-client.test.tsx,browser-locales,retain-full-or-review,False,True,False,True,True,False,1499,297,browser-locales
app/coordinator/phase2-page-provider.test.tsx,browser-locales,review-english-browser,False,True,False,True,False,False,27,37,browser-locales
app/coordinator/proposal-card/edit-form.test.tsx,browser-locales,review-english-browser,False,True,False,True,False,False,14,1016,browser
app/coordinator/proposal-card/message-edit-form.test.tsx,browser-locales,review-english-browser,False,True,False,True,False,False,3,68,browser
app/coordinator/proposal-card/outcome-copy.test.ts,browser-locales,review-node,False,False,False,False,False,False,2,8,node
app/coordinator/proposal-card/proposal-card-kinds.test.tsx,browser-locales,review-english-browser,False,True,False,True,False,False,41,491,browser-locales
app/coordinator/proposal-card/proposal-card.test.tsx,browser-locales,review-english-browser,False,True,False,True,False,False,41,701,browser-locales
app/coordinator/proposal-card/reject-form.test.tsx,browser-locales,review-english-browser,False,True,False,True,False,False,2,131,browser
app/coordinator/queue-page-client.test.tsx,browser-locales,retain-full-or-review,False,True,False,True,True,False,1498,134,browser-locales
app/coordinator/queue/activity-locales.test.ts,browser-locales,review-node,False,False,False,False,False,False,2,35,browser-locales
app/coordinator/queue/what-it-did.test.tsx,browser-locales,review-english-browser,False,True,False,True,False,False,152,2790,browser-locales
app/coordinator/reject-offer-host.test.tsx,browser-locales,review-english-browser,False,True,False,True,False,False,19,197,browser
app/coordinator/use-coordinator-attention.deep-link.test.ts,browser-locales,review-english-browser,False,True,False,True,False,False,175,74,browser-locales
app/coordinator/use-coordinator-attention.kinds.test.ts,browser-locales,review-english-browser,False,True,False,True,False,False,175,25,browser-locales
app/coordinator/use-coordinator-attention.test.ts,browser-locales,review-english-browser,False,True,False,True,False,False,175,33,browser-locales
app/coordinator/use-coordinator-attention.watches.test.ts,browser-locales,review-english-browser,False,True,False,True,False,False,175,31,browser-locales
app/coordinator/use-coordinator-inputs.test.ts,browser-locales,review-english-browser,False,True,False,True,False,False,10,691,browser
app/coordinator/use-coordinator-list.test.ts,browser-locales,review-english-browser,False,True,False,True,False,False,7,298,browser
app/coordinator/use-coordinator-prs.test.ts,browser-locales,review-english-browser,False,True,False,True,False,False,145,135,browser-locales
app/coordinator/use-coordinator-sidebar-entries.test.ts,browser-locales,review-english-browser,False,True,False,True,False,False,9,292,browser
app/coordinator/use-coordinator-tasks.test.ts,browser-locales,review-english-browser,False,True,False,True,False,False,160,466,browser-locales
app/coordinator/use-coordinator-watch-set.test.ts,browser-locales,review-english-browser,False,True,False,True,False,False,8,141,browser
app/coordinator/use-needs-you-navigation.test.tsx,browser-locales,review-english-browser,False,True,False,True,False,False,17,89,browser
app/coordinator/use-now-tick.test.ts,browser-locales,review-english-browser,False,True,False,True,False,False,2,27,browser
app/coordinator/use-resolved-coordinator.test.ts,browser-locales,review-english-browser,False,True,False,True,False,False,8,27,browser
app/coordinator/use-stall-resume.test.ts,browser-locales,review-english-browser,False,True,False,True,False,False,6,54,browser
app/gitlab/use-gitlab-page-state.test.ts,browser-locales,review-english-browser,False,True,False,True,False,False,23,408,browser
app/gitlab/use-gitlab-page-state.workspace.test.tsx,browser-locales,review-english-browser,False,True,False,True,False,False,158,1815,browser-locales
app/globals-font-fallback.test.ts,browser-locales,review-node,False,False,True,False,False,False,1,21,browser-locales
app/jira/jira-page-client.test.tsx,browser-locales,review-english-browser,False,True,False,True,False,False,20,470,browser
app/needs-you-inbox/needs-you-inbox-page-client.test.tsx,browser-locales,retain-full-or-review,False,True,False,True,True,False,949,389,browser-locales
app/office/agents/[id]/components/agent-configuration-tab.test.tsx,browser-locales,retain-full-or-review,False,True,False,True,True,False,385,2030,browser-locales
app/office/agents/[id]/components/agent-recovery-control.test.tsx,browser-locales,review-english-browser,False,True,False,True,False,False,150,202,browser-locales
app/office/agents/[id]/components/agent-runs-tab.test.tsx,browser-locales,review-english-browser,False,True,False,True,False,False,149,106,browser-locales
app/office/agents/[id]/components/agent-skills-tab.test.tsx,browser-locales,review-english-browser,False,True,False,True,False,False,151,396,browser-locales
app/office/agents/[id]/components/reports-to-options.test.ts,browser-locales,review-node,False,False,False,False,False,False,2,10,node
app/office/agents/[id]/coordinator-routine-hint.test.tsx,browser-locales,review-english-browser,False,True,False,True,False,False,166,116,browser-locales
app/office/agents/[id]/dashboard/components/run-activity-chart.test.tsx,browser-locales,review-english-browser,False,True,False,True,False,False,10,95,browser
app/office/agents/[id]/dashboard/components/stacked-bars.test.tsx,browser-locales,review-english-browser,False,True,False,True,False,False,7,73,browser
app/office/agents/[id]/runs/[runId]/use-run-live-sync.test.tsx,browser-locales,review-english-browser,False,True,False,True,False,False,9,84,browser
app/office/agents/[id]/runs/components/run-header.test.tsx,browser-locales,review-english-browser,False,True,False,True,False,False,8,133,browser
app/office/agents/[id]/runs/components/runtime-panel.test.tsx,browser-locales,review-english-browser,False,True,False,True,False,False,2,45,browser
app/office/agents/components/agent-status-dot.test.tsx,browser-locales,review-english-browser,False,True,False,True,False,False,134,43,browser-locales
app/office/agents/components/live-agent-indicator.test.tsx,browser-locales,review-english-browser,False,True,False,True,False,False,7,42,browser
app/office/components/agent-card.test.tsx,browser-locales,review-english-browser,False,True,False,True,False,False,14,83,browser
app/office/components/execution-indicator.test.tsx,browser-locales,review-english-browser,False,True,False,True,False,False,7,84,browser
app/office/components/new-task-bottom-bar.test.ts,browser-locales,review-english-browser,False,False,False,True,False,False,135,5,browser-locales
app/office/components/new-task-dialog-create-payload.test.tsx,browser-locales,review-english-browser,False,True,False,True,False,False,143,270,browser-locales
app/office/components/new-task-dialog.test.tsx,browser-locales,review-english-browser,False,True,False,True,False,False,143,100,browser-locales
app/office/components/workspace-pause-banner.test.tsx,browser-locales,review-english-browser,False,True,False,True,False,False,137,344,browser-locales
app/office/components/workspace-pause-controls.test.ts,browser-locales,review-english-browser,False,False,False,True,False,False,2,7,browser
app/office/lib/budget-labels.test.ts,browser-locales,review-english-browser,False,False,False,True,False,False,4,12,browser
app/office/lib/catch-up-max.test.ts,browser-locales,review-node,False,False,False,False,False,False,2,5,node
app/office/lib/routine-not-firing.test.ts,browser-locales,review-english-browser,False,False,False,True,False,False,8,13,browser
app/office/lib/routine-status.test.ts,browser-locales,review-node,False,False,False,False,False,False,2,8,node
app/office/office-cron-i18n.test.ts,browser-locales,review-english-browser,False,False,False,True,False,False,3,16,browser-locales
app/office/page-client.test.tsx,browser-locales,review-english-browser,False,True,False,True,False,False,167,120,browser-locales
app/office/projects/repo-entry.test.ts,browser-locales,review-node,False,False,False,False,False,False,2,9,node
app/office/projects/use-discovered-repositories.test.ts,browser-locales,review-english-browser,False,True,False,True,False,False,12,135,browser
app/office/routines/[id]/cron-reconcile.test.ts,browser-locales,review-english-browser,False,False,False,True,False,False,20,21,browser
app/office/routines/[id]/routine-detail-view.test.tsx,browser-locales,review-english-browser,False,True,False,True,False,False,161,2085,browser-locales
app/office/routines/create-routine-dialog.test.tsx,browser-locales,review-english-browser,False,True,False,True,False,False,3,1521,browser
app/office/routines/routine-row.test.ts,browser-locales,review-english-browser,False,False,False,True,False,False,13,7,browser
app/office/routines/routine-wire-scan.test.ts,browser-locales,review-node,False,False,True,False,False,False,1,42,browser-locales
app/office/routines/routines-content.test.tsx,browser-locales,review-english-browser,False,True,False,True,False,False,164,1519,browser-locales
app/office/routines/schedule-state-badge.test.tsx,browser-locales,review-english-browser,False,True,False,True,False,False,3,135,browser
app/office/routines/schedule-state.test.ts,browser-locales,review-node,False,False,False,False,False,False,2,11,node
app/office/setup/setup-route-data.test.ts,browser-locales,review-english-browser,False,False,False,True,False,False,28,9,browser-locales
app/office/setup/setup-wizard.test.ts,browser-locales,retain-full-or-review,False,False,False,True,True,False,407,11,browser-locales
app/office/tasks/[id]/map-office-task.test.ts,browser-locales,review-node,False,False,False,False,False,False,2,6,node
app/office/tasks/[id]/page.test.tsx,browser-locales,retain-full-or-review,False,True,False,True,True,False,1546,256,browser-locales
app/office/tasks/[id]/task-advanced-mode.test.tsx,browser-locales,retain-full-or-review,False,True,False,True,True,False,1465,95,browser-locales
app/office/tasks/[id]/use-session-live-sync.test.tsx,browser-locales,review-english-browser,False,True,False,True,False,False,3,22,browser
app/office/tasks/task-board.test.ts,browser-locales,review-english-browser,False,False,False,True,False,False,149,6,browser-locales
app/office/tasks/use-board-drag.test.ts,browser-locales,review-english-browser,False,False,False,True,False,False,143,25,browser-locales
app/office/tasks/use-server-search.test.ts,browser-locales,review-english-browser,False,True,False,True,False,False,20,372,browser
app/office/tasks/use-tasks-tree.test.ts,browser-locales,review-english-browser,False,False,False,True,False,False,134,11,browser-locales
app/office/workspace/activity/activity-row.test.tsx,browser-locales,review-english-browser,False,True,False,True,False,False,10,52,browser
app/office/workspace/costs/cost-overview.test.tsx,browser-locales,review-english-browser,False,True,False,True,False,False,151,297,browser-locales
app/office/workspace/costs/default-ceiling-card.test.tsx,browser-locales,review-english-browser,False,True,False,True,False,False,27,212,browser-locales
app/office/workspace/org/org-tree-layout.test.ts,browser-locales,review-node,False,False,False,False,False,False,3,24,node
app/office/workspace/routing/components/provider-tier-mapping.test.ts,browser-locales,review-english-browser,False,False,False,True,False,False,4,6,browser
app/office/workspace/settings/components/danger-zone-section.test.ts,browser-locales,review-english-browser,False,False,False,True,False,False,28,5,browser-locales
app/office/workspace/settings/components/git-section.test.tsx,browser-locales,review-english-browser,False,True,False,True,False,False,153,112,browser-locales
app/office/workspace/settings/components/office-config-sync-section.test.tsx,browser-locales,retain-full-or-review,False,True,False,True,True,False,1158,260,browser-locales
app/office/workspace/settings/components/settings-content.test.tsx,browser-locales,retain-full-or-review,False,True,False,True,True,False,1178,259,browser-locales
app/office/workspace/settings/export/export-file-tree.test.tsx,browser-locales,review-english-browser,False,True,False,True,False,False,9,324,browser
app/office/workspace/settings/sync/sync-diff-pane.test.tsx,browser-locales,review-english-browser,False,True,False,True,False,False,2,74,browser
app/page-client.test.tsx,browser-locales,retain-full-or-review,False,True,False,True,True,False,1595,148,browser-locales
app/settings/agents/[agentId]/agent-save-helpers-provider.test.ts,browser-locales,review-english-browser,False,False,False,True,False,False,152,16,browser-locales
app/settings/agents/[agentId]/agent-save-helpers.test.ts,browser-locales,review-english-browser,False,False,False,True,False,False,152,33,browser-locales
app/settings/agents/[agentId]/profile-mcp-config-card.test.tsx,browser-locales,retain-full-or-review,False,True,False,True,True,False,1160,123,browser-locales
app/settings/agents/[agentId]/profiles/[profileId]/command-preview-card.test.tsx,browser-locales,review-english-browser,False,True,False,True,False,False,14,1617,browser
app/settings/agents/[agentId]/use-profile-mcp-config.test.ts,browser-locales,review-english-browser,False,True,False,True,False,False,12,21,browser
app/settings/agents/custom-tui-mcp-mount.test.tsx,browser-locales,review-english-browser,False,True,False,True,False,False,201,414,browser-locales
app/settings/agents/hide-disabled-agent-profiles-setting.test.tsx,browser-locales,review-english-browser,False,True,False,True,False,False,4,88,browser
app/settings/agents/page.test.tsx,browser-locales,retain-full-or-review,False,True,False,True,True,False,1195,178,browser-locales
app/settings/executors/k8s/[executorId]/page.test.tsx,browser-locales,retain-full-or-review,False,True,False,True,True,False,1176,91,browser-locales
app/settings/executors/new/[type]/remote-docker-create-page.test.tsx,browser-locales,retain-full-or-review,False,True,False,True,True,False,1166,392,browser-locales
app/settings/executors/ssh/[executorId]/page.test.tsx,browser-locales,retain-full-or-review,False,True,False,True,True,False,1169,120,browser-locales
app/settings/integrations/page.test.tsx,browser-locales,retain-full-or-review,False,True,False,True,True,False,1175,859,browser-locales
app/settings/plugins/page.test.tsx,browser-locales,retain-full-or-review,False,True,False,True,True,True,1288,2358,browser-locales
app/settings/workspace/[id]/automations/page.test.tsx,browser-locales,retain-full-or-review,False,True,False,True,True,False,1176,22,browser-locales
app/settings/workspace/[id]/coordinators/new/page.test.tsx,browser-locales,retain-full-or-review,False,True,False,True,True,False,394,31,browser-locales
app/settings/workspace/use-workflow-creation.test.ts,browser-locales,review-english-browser,False,True,False,True,False,False,11,38,browser
app/settings/workspace/use-workflow-duplication.test.ts,browser-locales,review-english-browser,False,True,False,True,False,False,21,43,browser
app/settings/workspace/use-workflow-import.test.ts,browser-locales,review-english-browser,False,True,False,True,False,False,22,112,browser
app/settings/workspace/workflow-duplication.test.ts,browser-locales,review-english-browser,False,False,False,True,False,False,10,25,browser
app/settings/workspace/workflow-import-profile-selection.test.tsx,browser-locales,review-english-browser,False,True,False,True,False,False,30,490,browser-locales
app/settings/workspace/workspace-repositories-client.test.tsx,browser-locales,retain-full-or-review,True,True,False,True,True,False,1185,5504,browser-locales
app/settings/workspace/workspace-repositories-dirty.test.ts,browser-locales,review-node,False,False,False,False,False,False,4,8,node
app/settings/workspace/workspace-repositories-validation.test.ts,browser-locales,review-node,False,False,False,False,False,False,2,5,node
app/settings/workspace/workspace-repository-set-editor.test.tsx,browser-locales,review-english-browser,False,True,False,True,False,False,171,588,browser-locales
app/settings/workspace/workspace-repository-sets-section.test.tsx,browser-locales,retain-full-or-review,False,True,False,True,True,False,1165,2465,browser-locales
app/settings/workspace/workspace-workflows-order.test.ts,browser-locales,retain-full-or-review,False,False,False,True,True,False,1222,14,browser-locales
app/stats/stats-data.test.tsx,browser-locales,review-english-browser,False,True,False,True,False,False,8,106,browser
app/stats/stats-page-client.test.tsx,browser-locales,retain-full-or-review,False,True,False,True,True,False,904,112,browser-locales
app/stats/stats-utils.test.ts,browser-locales,retain-full-or-review,True,False,False,True,True,False,11,20,browser-locales
app/tasks/rich-task-list-row.test.tsx,browser-locales,retain-full-or-review,False,True,False,True,True,False,310,166,browser-locales
app/tasks/rich-task-row-details.test.ts,browser-locales,review-english-browser,False,False,False,True,False,False,4,7,browser
app/tasks/tasks-list-view.test.tsx,browser-locales,retain-full-or-review,False,True,False,True,True,False,350,1419,browser-locales
app/tasks/tasks-page-client.mr-hydration.test.tsx,browser-locales,retain-full-or-review,False,True,False,True,True,False,945,49,browser-locales
app/tasks/tasks-page-fetch-policy.test.ts,browser-locales,review-node,False,False,False,False,False,False,2,5,node
app/threads/threads-page-archive.test.tsx,browser-locales,retain-full-or-review,False,True,False,True,True,False,1644,535,browser-locales
app/threads/threads-page-client.test.tsx,browser-locales,retain-full-or-review,False,True,False,True,True,False,1634,40,browser-locales
components/actions/surface-action-styles.test.ts,browser-locales,review-english-browser,False,False,False,True,False,False,2,7,browser
components/agent/cli-profile-editor.test.tsx,browser-locales,review-english-browser,False,True,False,True,False,False,175,458,browser-locales
components/app-sidebar/app-sidebar-footer.test.tsx,browser-locales,retain-full-or-review,False,True,False,True,True,False,519,257,browser-locales
components/app-sidebar/app-sidebar-header.test.tsx,browser-locales,review-english-browser,False,True,False,True,False,False,151,121,browser-locales
components/app-sidebar/app-sidebar-new-task-item.test.tsx,browser-locales,retain-full-or-review,False,True,False,True,True,False,543,778,browser-locales
components/app-sidebar/app-sidebar-primary-nav.test.tsx,browser-locales,retain-full-or-review,False,True,False,True,True,False,546,200,browser-locales
components/app-sidebar/app-sidebar-section.test.tsx,browser-locales,review-english-browser,False,True,False,True,False,False,134,172,browser-locales
components/app-sidebar/app-sidebar-settings-mode.test.tsx,browser-locales,retain-full-or-review,False,True,False,True,True,False,244,53,browser-locales
components/app-sidebar/app-sidebar-workspace-actions.test.tsx,browser-locales,retain-full-or-review,False,True,False,True,True,False,520,42,browser-locales
components/app-sidebar/app-sidebar-workspace-navigation.test.ts,browser-locales,review-english-browser,False,True,False,True,False,False,7,11,browser
components/app-sidebar/app-sidebar-workspace-picker.test.tsx,browser-locales,review-english-browser,False,True,False,True,False,False,146,198,browser-locales
components/app-sidebar/app-sidebar.test.tsx,browser-locales,retain-full-or-review,False,True,False,True,True,False,1000,265,browser-locales
components/app-sidebar/sections/agents-section.test.tsx,browser-locales,review-english-browser,False,True,False,True,False,False,161,132,browser-locales
components/app-sidebar/sections/automations-section.test.tsx,browser-locales,review-english-browser,False,True,False,True,False,False,151,403,browser-locales
components/app-sidebar/sections/canvases-section.test.tsx,browser-locales,retain-full-or-review,False,True,False,True,True,False,488,208,browser-locales
components/app-sidebar/sections/coordinators-section.test.tsx,browser-locales,review-english-browser,False,True,False,True,False,False,147,158,browser-locales
components/app-sidebar/sections/integrations-section.test.tsx,browser-locales,retain-full-or-review,False,True,False,True,True,False,193,257,browser-locales
components/app-sidebar/sections/office-navigation-section.test.tsx,browser-locales,retain-full-or-review,True,True,False,True,True,False,143,186,browser-locales
components/app-sidebar/sections/projects-section.test.tsx,browser-locales,review-english-browser,False,True,False,True,False,False,144,54,browser-locales
components/app-sidebar/sections/settings/collapse-all-button.test.tsx,browser-locales,review-english-browser,False,True,False,True,False,False,134,76,browser-locales
components/app-sidebar/sections/settings/integration-enabled.test.tsx,browser-locales,retain-full-or-review,False,True,False,True,True,False,166,44,browser-locales
components/app-sidebar/sections/settings/settings-menu-branches.test.ts,browser-locales,review-english-browser,False,False,False,True,False,False,16,17,browser
components/app-sidebar/sections/settings/settings-nav-copy.test.ts,browser-locales,review-english-browser,False,False,False,True,False,False,3,19,browser
components/app-sidebar/sections/settings/settings-search.test.tsx,browser-locales,review-english-browser,False,True,False,True,False,False,10,61,browser
components/app-sidebar/sections/settings/settings-tree-render.test.tsx,browser-locales,retain-full-or-review,False,True,False,True,True,False,241,2767,browser-locales
components/app-sidebar/sections/settings/settings-tree.test.ts,browser-locales,retain-full-or-review,False,False,False,True,True,False,241,13,browser-locales
components/app-sidebar/sections/settings/use-settings-menu-branches.test.ts,browser-locales,retain-full-or-review,False,True,False,True,True,False,169,64,browser-locales
components/app-sidebar/sections/tasks-section.test.tsx,browser-locales,retain-full-or-review,False,True,False,True,True,False,825,78,browser-locales
components/app-sidebar/shortcut-section.test.tsx,browser-locales,review-english-browser,False,True,False,True,False,False,140,198,browser-locales
components/app-sidebar/sidebar-draggable-navigation.test.tsx,browser-locales,review-english-browser,False,True,False,True,False,False,142,81,browser-locales
components/app-sidebar/sidebar-navigation-split.test.tsx,browser-locales,review-english-browser,False,True,False,True,False,False,144,95,browser-locales
components/app-status-bar/agent-runtime-unavailable-alert.test.tsx,browser-locales,review-english-browser,False,True,False,True,False,False,142,100,browser-locales
components/app-status-bar/app-status-bar-order.test.ts,browser-locales,review-node,False,False,False,False,False,False,2,10,node
components/app-status-bar/app-status-bar-plugin-slots.test.tsx,browser-locales,retain-full-or-review,False,True,False,True,True,False,15,38,browser-locales
components/app-status-bar/app-status-bar.test.tsx,browser-locales,retain-full-or-review,False,True,False,True,True,False,230,352,browser-locales
components/app-status-bar/app-status-drawer.test.tsx,browser-locales,retain-full-or-review,False,True,False,True,True,False,229,129,browser-locales
components/app-status-bar/app-status-items.test.ts,browser-locales,retain-full-or-review,False,False,False,True,True,False,225,5,browser-locales
components/app-status-bar/app-status-surface-provider.test.tsx,browser-locales,retain-full-or-review,False,True,False,True,True,False,246,158,browser-locales
components/app-status-bar/backend-reload-required-alert.test.tsx,browser-locales,review-english-browser,False,True,False,True,False,False,3,69,browser
components/app-status-bar/connection-status-item.test.tsx,browser-locales,review-english-browser,False,True,False,True,False,False,134,38,browser-locales
components/app-status-bar/lsp-status-item.integration.test.tsx,browser-locales,retain-full-or-review,False,True,False,True,True,False,230,144,browser-locales
components/app-status-bar/lsp-status-item.test.tsx,browser-locales,review-english-browser,False,True,False,True,False,False,167,160,browser-locales
components/automations/automation-delete-confirm-dialog.test.tsx,browser-locales,review-english-browser,False,True,False,True,False,False,2,91,browser
components/automations/automation-payload.test.ts,browser-locales,review-english-browser,False,False,False,True,False,False,13,18,browser
components/automations/automation-repository-selection.test.ts,browser-locales,review-node,False,False,False,False,False,False,2,17,node
components/automations/automation-syntax-help.test.tsx,browser-locales,review-english-browser,False,True,False,True,False,False,16,126,browser-locales
components/automations/automation-trigger-drafts.test.ts,browser-locales,review-english-browser,False,True,False,True,False,False,9,28,browser
components/automations/automations-export-button.test.tsx,browser-locales,review-english-browser,False,True,False,True,False,False,12,60,browser
components/automations/automations-list-page.integration.test.tsx,browser-locales,retain-full-or-review,False,True,False,True,True,False,1175,176,browser-locales
components/automations/automations-list-page.test.tsx,browser-locales,retain-full-or-review,False,True,False,True,True,False,1175,408,browser-locales
components/automations/automations-table.test.tsx,browser-locales,review-english-browser,False,True,False,True,False,False,10,77,browser
components/automations/config-section.test.tsx,browser-locales,retain-full-or-review,False,True,False,True,True,False,396,356,browser-locales
components/automations/managed-automation-import.test.ts,browser-locales,review-english-browser,False,False,False,True,False,False,2,44,browser
components/automations/managed-conversation-destination-selector.test.tsx,browser-locales,review-english-browser,False,True,False,True,False,False,8,124,browser
components/automations/plugin-condition.test.ts,browser-locales,review-node,False,False,False,False,False,False,2,5,node
components/automations/prompt-section.test.tsx,browser-locales,review-english-browser,False,True,False,True,False,False,166,33,browser-locales
components/automations/runs-section.test.tsx,browser-locales,review-english-browser,False,True,False,True,False,False,144,456,browser-locales
components/automations/schedule-expression.test.ts,browser-locales,review-english-browser,False,False,False,True,False,False,4,49,browser
components/automations/schedule-selector.test.tsx,browser-locales,review-english-browser,False,True,False,True,False,False,5,817,browser
components/automations/trigger-configs/github-pr-merged-config.test.tsx,browser-locales,review-english-browser,False,True,False,True,False,False,16,75,browser
components/automations/trigger-configs/plugin-webhook-controls.test.tsx,browser-locales,review-english-browser,False,True,False,True,False,False,12,127,browser
components/automations/trigger-configs/webhook-config.test.tsx,browser-locales,review-english-browser,False,True,False,True,False,False,14,96,browser
components/automations/trigger-configs/webhook-filters-config.test.tsx,browser-locales,review-english-browser,False,True,False,True,False,False,2,808,browser
components/automations/triggers-section.test.tsx,browser-locales,review-english-browser,False,True,False,True,False,False,42,442,browser-locales
components/automations/use-automation-enabled-drafts.test.tsx,browser-locales,retain-full-or-review,False,True,False,True,True,False,1154,217,browser-locales
components/azure-devops/azure-devops-board-view.test.ts,browser-locales,review-node,False,False,False,False,False,False,2,5,node
components/azure-devops/azure-devops-default-queries.test.tsx,browser-locales,retain-full-or-review,False,True,False,True,True,False,1162,805,browser-locales
components/azure-devops/azure-devops-presets.test.ts,browser-locales,review-node,False,False,False,False,False,False,3,9,node
components/azure-devops/azure-devops-quick-actions.test.tsx,browser-locales,retain-full-or-review,False,True,False,True,True,False,1167,1176,browser-locales
components/azure-devops/azure-devops-results.test.tsx,browser-locales,review-english-browser,False,True,False,True,False,False,3,132,browser
components/azure-devops/azure-devops-save-view-dialog.test.tsx,browser-locales,review-english-browser,False,True,False,True,False,False,2,177,browser
components/azure-devops/azure-devops-settings.test.tsx,browser-locales,retain-full-or-review,False,True,False,True,True,False,1181,1246,browser-locales
components/azure-devops/azure-devops-status.test.ts,browser-locales,review-node,False,False,False,False,False,False,2,11,node
components/azure-devops/azure-devops-task-launcher.test.tsx,browser-locales,retain-full-or-review,False,True,False,True,True,False,485,236,browser-locales
components/azure-devops/azure-devops-watch-settings.test.tsx,browser-locales,retain-full-or-review,True,True,False,True,True,False,1169,507,browser-locales
components/azure-devops/azure-devops-work-item-detail.test.tsx,browser-locales,retain-full-or-review,False,True,False,True,True,False,252,186,browser-locales
components/branch-picker-boundary.test.ts,browser-locales,review-node,False,False,True,False,False,False,1,7,node
components/branch-refresh-button.test.tsx,browser-locales,review-english-browser,False,True,False,True,False,False,2,51,browser
components/canvas/canvas-task-create-launcher.test.tsx,browser-locales,retain-full-or-review,False,True,False,True,True,False,483,90,browser-locales
components/canvas/canvas-task-prompt.test.ts,browser-locales,review-node,False,False,False,False,False,False,2,7,node
components/combobox.test.tsx,browser-locales,review-english-browser,False,True,False,True,False,False,9,263,browser
components/command-list-scroll-reset.test.tsx,browser-locales,review-english-browser,False,True,False,True,False,False,1,141,browser
components/command-panel-confirmation.test.tsx,browser-locales,review-english-browser,False,True,False,True,False,False,12,182,browser
components/command-panel-content-search.test.tsx,browser-locales,review-english-browser,False,True,False,True,False,False,153,292,browser-locales
components/command-panel-task-actions.test.tsx,browser-locales,retain-full-or-review,False,True,False,True,True,False,265,546,browser-locales
components/command-panel-task-activity.test.tsx,browser-locales,review-english-browser,False,True,False,True,False,False,145,140,browser-locales
components/config-chat/config-chat-copy.test.ts,browser-locales,review-english-browser,False,False,False,True,False,False,3,15,browser
components/config-chat/config-chat-panel-shell.test.tsx,browser-locales,retain-full-or-review,False,True,False,True,True,False,1150,460,browser-locales
components/config-chat/config-chat-panel.test.tsx,browser-locales,review-english-browser,False,True,False,True,False,False,14,317,browser
components/config-chat/config-chat-setup.test.tsx,browser-locales,review-english-browser,False,True,False,True,False,False,136,195,browser-locales
components/config-chat/use-config-chat.test.ts,browser-locales,review-english-browser,False,True,False,True,False,False,144,125,browser-locales
components/confirmation/action-confirm-popover.test.tsx,browser-locales,review-english-browser,False,True,False,True,False,False,7,681,browser
components/confirmation/inline-confirm-actions.test.tsx,browser-locales,review-english-browser,False,True,False,True,False,False,2,259,browser
components/confirmation/mobile-action-confirmation.test.tsx,browser-locales,review-english-browser,False,True,False,True,False,False,6,592,browser
components/confirmation/mobile-confirmation-content.test.tsx,browser-locales,retain-full-or-review,True,True,False,True,True,False,2,101,browser-locales
components/confirmation/mobile-confirmation-host.test.tsx,browser-locales,review-english-browser,False,True,False,True,False,False,7,672,browser
components/confirmation/saved-task-view-delete-confirmation.test.tsx,browser-locales,review-english-browser,False,True,False,True,False,False,14,486,browser
components/coordinator-copilot-reset-bridge.test.tsx,browser-locales,review-english-browser,False,True,False,True,False,False,8,97,browser
components/coordinators/add-standing-order-dialog.test.tsx,browser-locales,review-english-browser,False,True,False,True,False,False,8,377,browser
components/coordinators/coordinator-add-page.test.tsx,browser-locales,retain-full-or-review,False,True,False,True,True,False,377,350,browser-locales
components/coordinators/coordinator-card.test.tsx,browser-locales,review-english-browser,False,True,False,True,False,False,5,45,browser
components/coordinators/coordinator-delete-confirm-dialog.test.tsx,browser-locales,review-english-browser,False,True,False,True,False,False,2,132,browser
components/coordinators/coordinator-editor-page.test.tsx,browser-locales,retain-full-or-review,False,True,False,True,True,False,1190,1122,browser-locales
components/coordinators/coordinator-form-fields.test.tsx,browser-locales,retain-full-or-review,False,True,False,True,True,False,367,431,browser-locales
components/coordinators/coordinators-list-page.test.tsx,browser-locales,review-english-browser,False,True,False,True,False,False,177,119,browser-locales
components/coordinators/coordinators-list-publication.test.tsx,browser-locales,review-english-browser,False,True,False,True,False,False,177,234,browser-locales
components/coordinators/sections/control-sections.test.tsx,browser-locales,review-english-browser,False,True,False,True,False,False,17,570,browser
components/coordinators/sections/draft-mode.test.tsx,browser-locales,review-english-browser,False,True,False,True,False,False,19,303,browser
components/coordinators/sections/goal-section.test.tsx,browser-locales,retain-full-or-review,False,True,False,True,True,False,1159,813,browser-locales
components/coordinators/sections/sections-row.test.tsx,browser-locales,review-english-browser,False,True,False,True,False,False,14,118,browser
components/coordinators/sections/standing-orders-section.test.tsx,browser-locales,review-english-browser,False,True,False,True,False,False,19,247,browser
components/coordinators/setup/coordinator-setup.test.tsx,browser-locales,retain-full-or-review,False,True,False,True,True,False,388,2801,browser-locales
components/create-local-repository-surface.test.tsx,browser-locales,review-english-browser,False,True,False,True,False,False,141,1869,browser-locales
components/creation-auto-focus-launchers.test.tsx,browser-locales,retain-full-or-review,False,True,False,True,True,False,483,28,browser-locales
components/diff/collapsible-file-header.test.tsx,browser-locales,review-english-browser,False,True,False,True,False,False,10,69,browser
components/diff/diff-error-boundary.test.tsx,browser-locales,review-english-browser,False,True,False,True,False,False,4,58,browser
components/diff/diff-header-toolbar.test.tsx,browser-locales,review-english-browser,False,True,False,True,False,False,162,149,browser-locales
components/diff/diff-viewer-comment-edit.test.tsx,browser-locales,retain-full-or-review,False,True,False,True,True,False,328,209,browser-locales
components/diff/diff-viewer-resolver.test.tsx,browser-locales,retain-full-or-review,False,True,False,True,True,False,341,25,browser-locales
components/diff/diff-viewer.test.tsx,browser-locales,retain-full-or-review,False,True,False,True,True,False,328,74,browser-locales
components/diff/hunk-action-bar.test.tsx,browser-locales,review-english-browser,False,True,False,True,False,False,2,93,browser
components/diff/review-finding-card.test.tsx,browser-locales,retain-full-or-review,False,True,False,True,True,False,249,101,browser-locales
components/diff/unanchored-findings-banner.test.tsx,browser-locales,retain-full-or-review,False,True,False,True,True,False,260,54,browser-locales
components/diff/use-diff-comments.test.ts,browser-locales,review-english-browser,False,True,False,True,False,False,22,30,browser
components/diff/use-diff-metadata.test.ts,browser-locales,review-english-browser,False,True,False,True,False,False,2,24,browser
components/diff/use-diff-viewer-state.test.ts,browser-locales,review-english-browser,False,False,False,True,False,False,153,14,browser-locales
components/diff/use-expandable-diff.test.ts,browser-locales,review-english-browser,False,True,False,True,False,False,6,2649,browser
components/diff/walkthrough-step-card.test.ts,browser-locales,retain-full-or-review,False,False,False,True,True,False,279,5,browser-locales
components/discard-local-changes-dialog.test.tsx,browser-locales,review-english-browser,False,True,False,True,False,False,2,76,browser
components/display-settings-summary.test.ts,browser-locales,retain-full-or-review,False,False,False,True,True,False,14,9,browser-locales
components/editors/codemirror/codemirror-code-editor.cursor.test.tsx,browser-locales,retain-full-or-review,False,True,False,True,True,False,303,259,browser-locales
components/editors/codemirror/codemirror-code-editor.download.test.tsx,browser-locales,retain-full-or-review,False,True,False,True,True,False,303,114,browser-locales
components/editors/codemirror/codemirror-code-editor.external-link.test.tsx,browser-locales,retain-full-or-review,False,True,False,True,True,False,303,64,browser-locales
components/editors/codemirror/codemirror-code-editor.preview.test.tsx,browser-locales,retain-full-or-review,False,True,False,True,True,False,303,72,browser-locales
components/editors/codemirror/codemirror-cursor-navigation.test.ts,browser-locales,retain-full-or-review,False,True,False,True,True,False,67,90,browser-locales
components/editors/codemirror/use-codemirror-walkthrough-range.test.ts,browser-locales,review-english-browser,False,True,False,True,False,False,138,26,browser-locales
components/editors/external-vcs-file-link.test.tsx,browser-locales,review-english-browser,False,True,False,True,False,False,159,109,browser-locales
components/editors/monaco/builtin-providers.test.ts,browser-locales,review-node,False,False,False,False,False,False,2,8,node
components/editors/monaco/diff-viewer-toolbar.test.tsx,browser-locales,review-english-browser,False,True,False,True,False,False,161,74,browser-locales
components/editors/monaco/monaco-diff-viewer.test.tsx,browser-locales,review-english-browser,False,True,False,True,False,False,213,59,browser-locales
components/editors/monaco/monaco-editor-toolbar.test.tsx,browser-locales,retain-full-or-review,False,True,False,True,True,False,262,272,browser-locales
components/editors/monaco/monaco-init.test.ts,browser-locales,review-english-browser,False,False,False,True,False,False,29,75,browser-locales
components/editors/monaco/use-diff-view-zones.test.tsx,browser-locales,review-english-browser,False,True,False,True,False,False,6,110,browser
components/editors/monaco/use-diff-viewer-comments.test.tsx,browser-locales,review-english-browser,False,True,False,True,False,False,29,35,browser-locales
components/editors/monaco/use-monaco-cursor-navigation.test.tsx,browser-locales,retain-full-or-review,False,True,False,True,True,False,67,26,browser-locales
components/editors/monaco/use-monaco-editor-lsp.test.tsx,browser-locales,review-english-browser,False,True,False,True,False,False,168,32,browser-locales
components/editors/monaco/use-monaco-walkthrough-range.test.ts,browser-locales,review-english-browser,False,True,False,True,False,False,138,40,browser-locales
components/editors/scoped-editor-comments.test.ts,browser-locales,review-english-browser,False,True,False,True,False,False,178,62,browser-locales
components/editors/tiptap/plan-bubble-menu.test.tsx,browser-locales,review-english-browser,False,True,False,True,False,False,9,275,browser
components/editors/tiptap/plan-slash-commands.test.ts,browser-locales,review-node,False,False,False,False,False,False,2,9,node
components/editors/tiptap/rich-text-editor.test.tsx,browser-locales,review-english-browser,False,True,False,True,False,False,33,46,browser-locales
components/editors/tiptap/tiptap-plan-editor.test.tsx,browser-locales,review-english-browser,False,True,False,True,False,False,31,526,browser-locales
components/enhance-prompt-button.test.tsx,browser-locales,review-english-browser,False,True,False,True,False,False,4,45,browser
components/folder-picker.test.tsx,browser-locales,review-english-browser,False,True,False,True,False,False,138,756,browser-locales
components/github/action-presets-section.test.tsx,browser-locales,retain-full-or-review,False,True,False,True,True,False,1168,226,browser-locales
components/github/github-app-import-form.test.tsx,browser-locales,review-english-browser,False,True,False,True,False,False,24,276,browser
components/github/github-app-import-guide.test.tsx,browser-locales,review-english-browser,False,True,False,True,False,False,8,107,browser
components/github/github-app-onboarding-model.test.ts,browser-locales,review-english-browser,False,True,False,True,False,False,9,22,browser
components/github/github-cli-form.test.tsx,browser-locales,review-english-browser,False,True,False,True,False,False,20,175,browser
components/github/github-connection-dialog.test.tsx,browser-locales,review-english-browser,False,True,False,True,False,False,166,1763,browser-locales
components/github/github-rate-limit.test.tsx,browser-locales,review-english-browser,False,True,False,True,False,False,5,59,browser
components/github/github-status.test.tsx,browser-locales,retain-full-or-review,False,True,False,True,True,False,1182,114,browser-locales
components/github/integration-link-sentences.test.tsx,browser-locales,review-english-browser,False,True,False,True,False,False,4,50,browser
components/github/issue-watch-dialog.test.tsx,browser-locales,review-english-browser,False,True,False,True,False,False,178,258,browser-locales
components/github/my-github/action-presets.test.ts,browser-locales,review-node,False,False,False,False,False,False,3,9,node
components/github/my-github/list-toolbar.test.tsx,browser-locales,review-english-browser,False,True,False,True,False,False,13,347,browser
components/github/my-github/pr-list.test.tsx,browser-locales,review-english-browser,False,False,False,True,False,False,153,5,browser-locales
components/github/my-github/pr-row-task-indicator.test.tsx,browser-locales,review-english-browser,False,True,False,True,False,False,141,110,browser-locales
components/github/my-github/pr-status-badges.test.tsx,browser-locales,review-english-browser,False,True,False,True,False,False,7,55,browser
components/github/my-github/presets-scope-bar.test.tsx,browser-locales,review-english-browser,False,True,False,True,False,False,20,61,browser
components/github/my-github/presets-sidebar.test.tsx,browser-locales,review-english-browser,False,True,False,True,False,False,19,821,browser
components/github/my-github/quick-task-launcher.test.tsx,browser-locales,retain-full-or-review,False,True,False,True,True,False,482,138,browser-locales
components/github/my-github/results-pagination.test.tsx,browser-locales,review-english-browser,False,True,False,True,False,False,4,600,browser
components/github/my-github/save-preset-dialog.test.tsx,browser-locales,review-english-browser,False,True,False,True,False,False,13,248,browser
components/github/my-github/saved-preset-model.test.ts,browser-locales,review-node,False,False,False,False,False,False,2,9,node
components/github/my-github/saved-query-load-status.test.tsx,browser-locales,review-english-browser,False,True,False,True,False,False,2,92,browser
components/github/my-github/use-committed-query.test.ts,browser-locales,review-english-browser,False,True,False,True,False,False,2,23,browser
components/github/my-github/use-default-query-presets.test.ts,browser-locales,review-english-browser,False,True,False,True,False,False,19,87,browser
components/github/my-github/use-github-search.test.ts,browser-locales,review-english-browser,False,False,False,True,False,False,12,8,browser
components/github/my-github/use-known-repos.test.ts,browser-locales,review-english-browser,False,False,False,True,False,False,2,7,browser
components/github/my-github/use-pr-statuses.scope.test.tsx,browser-locales,review-english-browser,False,True,False,True,False,False,153,220,browser-locales
components/github/my-github/use-pr-statuses.test.ts,browser-locales,review-english-browser,False,True,False,True,False,False,10,193,browser
components/github/my-github/use-saved-preset-actions.test.ts,browser-locales,review-english-browser,False,True,False,True,False,False,30,67,browser-locales
components/github/my-github/use-saved-presets-concurrency.test.ts,browser-locales,review-english-browser,False,True,False,True,False,False,19,2026,browser
components/github/my-github/use-saved-presets-recovery.test.ts,browser-locales,review-english-browser,False,True,False,True,False,False,19,262,browser
components/github/my-github/use-saved-presets.test.ts,browser-locales,review-english-browser,False,True,False,True,False,False,19,1138,browser
components/github/my-github/use-sidebar-selection.test.ts,browser-locales,review-english-browser,False,True,False,True,False,False,3,42,browser
components/github/pr-ci-automation-controls.test.tsx,browser-locales,review-english-browser,False,True,False,True,False,False,148,70,browser-locales
components/github/pr-ci-automation-rows.test.tsx,browser-locales,review-english-browser,False,True,False,True,False,False,4,37,browser
components/github/pr-ci-popover.automation.test.tsx,browser-locales,review-english-browser,False,True,False,True,False,False,191,1253,browser-locales
components/github/pr-ci-popover.checks.test.tsx,browser-locales,review-english-browser,False,True,False,True,False,False,187,207,browser-locales
components/github/pr-ci-popover.footer.test.tsx,browser-locales,review-english-browser,False,True,False,True,False,False,187,302,browser-locales
components/github/pr-ci-popover.test.ts,browser-locales,review-english-browser,False,False,False,True,False,False,187,11,browser-locales
components/github/pr-detail-panel-mapping.test.ts,browser-locales,retain-full-or-review,False,False,False,True,True,False,299,8,browser-locales
components/github/pr-detail-panel.state-sync.test.ts,browser-locales,retain-full-or-review,False,True,False,True,True,False,299,183,browser-locales
components/github/pr-detail-panel.test.ts,browser-locales,retain-full-or-review,True,True,False,True,True,False,299,731,browser-locales
components/github/pr-detail-panel.test.tsx,browser-locales,retain-full-or-review,False,True,False,True,True,False,299,393,browser-locales
components/github/pr-merge-button.test.tsx,browser-locales,review-english-browser,False,True,False,True,False,False,166,182,browser-locales
components/github/pr-merge-queue-status.test.tsx,browser-locales,review-english-browser,False,True,False,True,False,False,157,46,browser-locales
components/github/pr-mergeability-notice.test.ts,browser-locales,review-english-browser,False,False,False,True,False,False,7,15,browser
components/github/pr-mergeability-row.test.tsx,browser-locales,review-english-browser,False,True,False,True,False,False,169,170,browser-locales
components/github/pr-reviews-section.test.tsx,browser-locales,retain-full-or-review,False,True,False,True,True,False,249,132,browser-locales
components/github/pr-status-automation-badges.test.tsx,browser-locales,review-english-browser,False,True,False,True,False,False,5,39,browser
components/github/pr-status-chip.auto-fix-rounds.test.tsx,browser-locales,review-english-browser,False,True,False,True,False,False,197,580,browser-locales
components/github/pr-status-chip.test.tsx,browser-locales,review-english-browser,False,True,False,True,False,False,198,1531,browser-locales
components/github/pr-status-refresh-routes.test.tsx,browser-locales,retain-full-or-review,False,True,False,True,True,False,242,2165,browser-locales
components/github/pr-task-icon-conflicts.test.ts,browser-locales,review-english-browser,False,False,False,True,False,False,157,6,browser-locales
components/github/pr-task-icon-draft.test.ts,browser-locales,review-english-browser,False,False,False,True,False,False,157,8,browser-locales
components/github/pr-task-icon.automation.test.ts,browser-locales,review-english-browser,False,False,False,True,False,False,157,6,browser-locales
components/github/pr-task-icon.negative-projection.test.tsx,browser-locales,review-english-browser,False,True,False,True,False,False,157,635,browser-locales
components/github/pr-task-icon.render.test.tsx,browser-locales,review-english-browser,False,True,False,True,False,False,168,612,browser-locales
components/github/pr-task-icon.test.ts,browser-locales,review-english-browser,False,False,False,True,False,False,157,26,browser-locales
components/github/pr-task-icon.workflow-approval.test.tsx,browser-locales,review-english-browser,False,True,False,True,False,False,157,369,browser-locales
components/github/pr-task-status-summary.test.ts,browser-locales,review-english-browser,False,False,False,True,False,False,10,9,browser
components/github/pr-task-workflow-projection.test.ts,browser-locales,review-english-browser,False,False,False,True,False,False,11,15,browser
components/github/pr-workflow-attention-chip.test.tsx,browser-locales,review-english-browser,False,True,False,True,False,False,198,565,browser-locales
components/github/pr-workflow-attention-icon.test.ts,browser-locales,review-english-browser,False,False,False,True,False,False,158,5,browser-locales
components/github/pr-workflow-attention-summary.test.ts,browser-locales,review-english-browser,False,False,False,True,False,False,11,7,browser
components/github/pr-workflow-attention.test.ts,browser-locales,review-node,False,False,False,False,False,False,3,10,node
components/github/review-watch-dialog.test.tsx,browser-locales,review-english-browser,False,True,False,True,False,False,179,450,browser-locales
components/gitlab/action-presets-section.test.tsx,browser-locales,retain-full-or-review,False,True,False,True,True,False,1166,107,browser-locales
components/gitlab/delete-watch-dialog.test.tsx,browser-locales,review-english-browser,False,True,False,True,False,False,2,240,browser
components/gitlab/gitlab-credentials-save.test.tsx,browser-locales,retain-full-or-review,False,True,False,True,True,False,1194,373,browser-locales
components/gitlab/gitlab-settings.test.tsx,browser-locales,retain-full-or-review,False,True,False,True,True,False,1194,1087,browser-locales
components/gitlab/issue-watch-dialog.test.tsx,browser-locales,review-english-browser,False,True,False,True,False,False,191,267,browser-locales
components/gitlab/issue-watch-table.test.tsx,browser-locales,review-english-browser,False,True,False,True,False,False,6,166,browser
components/gitlab/mr-automation-controls.automation.test.tsx,browser-locales,review-english-browser,False,True,False,True,False,False,146,467,browser-locales
components/gitlab/mr-automation-controls.test.tsx,browser-locales,review-english-browser,False,True,False,True,False,False,146,574,browser-locales
components/gitlab/mr-ci-popover.test.tsx,browser-locales,review-english-browser,False,True,False,True,False,False,165,169,browser-locales
components/gitlab/mr-detail-panel.test.ts,browser-locales,retain-full-or-review,False,False,False,True,True,False,269,8,browser-locales
components/gitlab/mr-discussions-section.reply-draft.test.tsx,browser-locales,retain-full-or-review,False,True,False,True,True,False,258,1180,browser-locales
components/gitlab/mr-discussions-section.test.ts,browser-locales,retain-full-or-review,False,False,False,True,True,False,249,5,browser-locales
components/gitlab/mr-merge-button.test.tsx,browser-locales,review-english-browser,False,True,False,True,False,False,150,74,browser-locales
components/gitlab/mr-overview-section.test.ts,browser-locales,retain-full-or-review,False,False,False,True,True,False,249,8,browser-locales
components/gitlab/mr-reviewer-control.test.ts,browser-locales,review-english-browser,False,True,False,True,False,False,9,106,browser
components/gitlab/mr-status-chip-selection.test.ts,browser-locales,review-english-browser,False,False,False,True,False,False,150,10,browser-locales
components/gitlab/mr-status-chip.test.tsx,browser-locales,retain-full-or-review,False,True,False,True,True,False,297,430,browser-locales
components/gitlab/mr-status-colour-parity.test.tsx,browser-locales,review-english-browser,False,True,False,True,False,False,148,54,browser-locales
components/gitlab/mr-task-icon.render.test.tsx,browser-locales,review-english-browser,False,True,False,True,False,False,148,222,browser-locales
components/gitlab/mr-task-icon.test.ts,browser-locales,review-english-browser,False,False,False,True,False,False,148,22,browser-locales
components/gitlab/mr-task-status-summary.test.ts,browser-locales,review-english-browser,False,False,False,True,False,False,8,10,browser
components/gitlab/mr-topbar-button.hover.test.tsx,browser-locales,retain-full-or-review,False,True,False,True,True,False,292,194,browser-locales
components/gitlab/mr-topbar-button.layout-settle.test.tsx,browser-locales,retain-full-or-review,False,True,False,True,True,False,292,120,browser-locales
components/gitlab/mr-topbar-button.test.ts,browser-locales,retain-full-or-review,False,True,False,True,True,False,292,57,browser-locales
components/gitlab/my-gitlab/issue-list.test.tsx,browser-locales,review-english-browser,False,True,False,True,False,False,24,69,browser
components/gitlab/my-gitlab/list-toolbar.test.tsx,browser-locales,review-english-browser,False,True,False,True,False,False,8,231,browser
components/gitlab/my-gitlab/mr-row-task-indicator.test.tsx,browser-locales,review-english-browser,False,True,False,True,False,False,141,87,browser-locales
components/gitlab/my-gitlab/presets-sidebar.test.tsx,browser-locales,review-english-browser,False,True,False,True,False,False,17,506,browser
components/gitlab/my-gitlab/quick-task-launcher.test.tsx,browser-locales,retain-full-or-review,False,True,False,True,True,False,482,80,browser-locales
components/gitlab/my-gitlab/row-title-link.test.tsx,browser-locales,review-english-browser,False,True,False,True,False,False,5,51,browser
components/gitlab/my-gitlab/use-committed-query.test.ts,browser-locales,review-english-browser,False,True,False,True,False,False,2,22,browser
components/gitlab/my-gitlab/use-gitlab-search.test.ts,browser-locales,review-english-browser,False,True,False,True,False,False,10,470,browser
components/gitlab/my-gitlab/use-gitlab-search.workspace.test.tsx,browser-locales,review-english-browser,False,True,False,True,False,False,153,3405,browser-locales
components/gitlab/my-gitlab/use-known-projects.test.ts,browser-locales,review-english-browser,False,False,False,True,False,False,2,6,browser
components/gitlab/my-gitlab/use-saved-presets.test.ts,browser-locales,review-english-browser,False,True,False,True,False,False,14,154,browser
components/gitlab/review-watch-dialog.test.tsx,browser-locales,review-english-browser,False,True,False,True,False,False,191,336,browser-locales
components/gitlab/review-watch-table.test.tsx,browser-locales,review-english-browser,False,True,False,True,False,False,6,203,browser
components/gitlab/subscription-toggle.test.ts,browser-locales,review-english-browser,False,True,False,True,False,False,19,108,browser
components/gitlab/task-mr-link-dialog.test.tsx,browser-locales,review-english-browser,False,True,False,True,False,False,142,543,browser-locales
components/gitlab/watch-form.test.ts,browser-locales,review-node,False,False,False,False,False,False,2,10,node
components/global-commands.test.tsx,browser-locales,retain-full-or-review,True,True,False,True,True,False,249,51,browser-locales
components/grid-spinner.test.tsx,browser-locales,review-english-browser,False,True,False,True,False,False,2,131,browser
components/homepage-commands.test.tsx,browser-locales,review-english-browser,False,True,False,True,False,False,176,20,browser-locales
components/improve-kandev-dialog-helpers.test.ts,browser-locales,review-english-browser,False,False,False,True,False,False,8,10,browser
components/improve-kandev-dialog-model.test.ts,browser-locales,review-english-browser,False,True,False,True,False,False,4,16,browser
components/improve-kandev-dialog.test.tsx,browser-locales,retain-full-or-review,False,True,False,True,True,False,488,356,browser-locales
components/inbox-history/inbox-history-list.test.tsx,browser-locales,review-english-browser,False,True,False,True,False,False,19,39,browser
components/inbox-history/inbox-history-row.mobile.test.tsx,browser-locales,review-english-browser,False,True,False,True,False,False,21,66,browser
components/inbox-history/inbox-history-row.tablet.test.tsx,browser-locales,review-english-browser,False,True,False,True,False,False,21,46,browser
components/inbox-history/inbox-history-row.test.tsx,browser-locales,review-english-browser,False,True,False,True,False,False,21,164,browser
components/integrations/change-request-detail.test.tsx,browser-locales,retain-full-or-review,True,True,False,True,True,False,255,699,browser-locales
components/integrations/change-request-list.test.tsx,browser-locales,review-english-browser,False,True,False,True,False,False,5,74,browser
components/integrations/change-request-task-status-color.test.ts,browser-locales,review-node,False,False,False,False,False,False,2,7,node
components/integrations/change-request-task-status-summary.test.tsx,browser-locales,review-english-browser,False,True,False,True,False,False,7,87,browser
components/integrations/drafted-integration-enabled-control.test.tsx,browser-locales,retain-full-or-review,False,True,False,True,True,False,1252,181,browser-locales
components/integrations/integration-change-request-status.test.tsx,browser-locales,review-english-browser,False,True,False,True,False,False,17,674,browser
components/integrations/integration-copy-config.test.ts,browser-locales,review-english-browser,False,False,False,True,False,False,15,11,browser
components/integrations/integration-cursor-pagination.test.tsx,browser-locales,review-english-browser,False,True,False,True,False,False,7,83,browser
components/integrations/integration-enabled-controls.test.tsx,browser-locales,retain-full-or-review,False,True,False,True,True,False,1166,504,browser-locales
components/integrations/integration-list-toolbar.test.tsx,browser-locales,retain-full-or-review,True,True,False,True,True,False,7,122,browser-locales
components/integrations/integration-repository-filter.test.tsx,browser-locales,review-english-browser,False,True,False,True,False,False,10,211,browser
components/integrations/integration-save-query-dialog.test.tsx,browser-locales,review-english-browser,False,True,False,True,False,False,10,164,browser
components/integrations/integration-start-task-menu.test.tsx,browser-locales,review-english-browser,False,True,False,True,False,False,3,240,browser
components/integrations/integrations-menu.test.ts,browser-locales,retain-full-or-review,False,True,False,True,True,False,191,211,browser-locales
components/integrations/mobile-integrations-section.test.tsx,browser-locales,retain-full-or-review,False,True,False,True,True,False,191,87,browser-locales
components/integrations/presets-scope-bar-base.test.tsx,browser-locales,review-english-browser,False,True,False,True,False,False,18,930,browser
components/integrations/presets-scope-bar-mobile.test.tsx,browser-locales,review-english-browser,False,True,False,True,False,False,18,494,browser
components/integrations/registered-change-request-status.test.tsx,browser-locales,retain-full-or-review,False,True,False,True,True,False,284,240,browser-locales
components/integrations/registered-change-request-task-icon.test.tsx,browser-locales,retain-full-or-review,False,True,False,True,True,False,277,261,browser-locales
components/integrations/task-change-request-link-form.test.tsx,browser-locales,review-english-browser,False,True,False,True,False,False,16,217,browser
components/integrations/use-drafted-integration-enabled.test.tsx,browser-locales,retain-full-or-review,False,True,False,True,True,False,1154,144,browser-locales
components/integrations/use-watcher-enabled-drafts.test.tsx,browser-locales,retain-full-or-review,False,True,False,True,True,False,1154,553,browser-locales
components/integrations/validated-popover.test.tsx,browser-locales,review-english-browser,False,True,False,True,False,False,2,117,browser
components/integrations/watcher-settings-card.test.tsx,browser-locales,review-english-browser,False,True,False,True,False,False,6,27,browser
components/integrations/workspace-scoped-section.test.tsx,browser-locales,review-english-browser,False,True,False,True,False,False,134,37,browser-locales
components/jira/jira-action-bar.test.tsx,browser-locales,review-english-browser,False,True,False,True,False,False,14,252,browser
components/jira/jira-form-state.test.ts,browser-locales,retain-full-or-review,True,False,False,True,True,False,4,9,browser-locales
components/jira/jira-issue-watch-dialog.test.tsx,browser-locales,review-english-browser,False,True,False,True,False,False,190,193,browser-locales
components/jira/jira-issue-watchers-section.test.tsx,browser-locales,review-english-browser,False,True,False,True,False,False,143,470,browser-locales
components/jira/jira-oauth-fields.test.tsx,browser-locales,retain-full-or-review,True,True,False,True,True,False,19,58,browser-locales
components/jira/jira-secret-help.test.tsx,browser-locales,retain-full-or-review,True,True,False,True,True,False,5,49,browser-locales
components/jira/jira-settings.test.tsx,browser-locales,retain-full-or-review,False,True,False,True,True,False,1194,610,browser-locales
components/jira/my-jira/filter-model.test.ts,browser-locales,review-node,False,False,False,False,False,False,2,8,node
components/jira/my-jira/jira-default-view.test.ts,browser-locales,review-english-browser,False,False,False,True,False,False,16,11,browser
components/jira/my-jira/list-toolbar.test.tsx,browser-locales,review-english-browser,False,True,False,True,False,False,31,1135,browser-locales
components/jira/my-jira/use-jira-search.test.ts,browser-locales,review-english-browser,False,True,False,True,False,False,8,21,browser
components/jira/my-jira/use-project-statuses.test.ts,browser-locales,review-english-browser,False,True,False,True,False,False,8,352,browser
components/jira/my-jira/use-saved-views.test.ts,browser-locales,review-english-browser,False,True,False,True,False,False,15,628,browser
components/jira/my-jira/use-task-presets.test.ts,browser-locales,review-english-browser,False,True,False,True,False,False,15,21,browser
components/jira/task-presets-section.test.tsx,browser-locales,retain-full-or-review,False,True,False,True,True,False,1167,531,browser-locales
components/kanban-board.test.ts,browser-locales,retain-full-or-review,False,True,False,True,True,False,1016,28,browser-locales
components/kanban-card-assignee.test.tsx,browser-locales,retain-full-or-review,False,True,False,True,True,False,370,167,browser-locales
components/kanban-card-click.test.ts,browser-locales,retain-full-or-review,False,False,False,True,True,False,520,12,browser-locales
components/kanban-card-content.test.tsx,browser-locales,retain-full-or-review,False,True,False,True,True,False,370,103,browser-locales
components/kanban-card-edit-submenu.test.tsx,browser-locales,retain-full-or-review,False,True,False,True,True,False,188,790,browser-locales
components/kanban-card-menu-grouping.test.tsx,browser-locales,retain-full-or-review,False,False,False,True,True,False,190,30,browser-locales
components/kanban-card-menu-items.test.tsx,browser-locales,retain-full-or-review,False,True,False,True,True,False,190,262,browser-locales
components/kanban-card-move-menu-actions.test.ts,browser-locales,retain-full-or-review,False,True,False,True,True,False,520,23,browser-locales
components/kanban-card-plugin-context.test.tsx,browser-locales,retain-full-or-review,False,False,False,True,True,False,520,13,browser-locales
components/kanban-card-regression.test.tsx,browser-locales,retain-full-or-review,False,True,False,True,True,False,520,1741,browser-locales
components/kanban-card-status-icon.test.tsx,browser-locales,retain-full-or-review,False,True,False,True,True,False,370,80,browser-locales
components/kanban-card-store.test.tsx,browser-locales,retain-full-or-review,False,True,False,True,True,False,520,119,browser-locales
components/kanban-card-title.test.tsx,browser-locales,review-english-browser,False,True,False,True,False,False,177,200,browser-locales
components/kanban-card.render-stability.test.tsx,browser-locales,retain-full-or-review,False,True,False,True,True,False,520,113,browser-locales
components/kanban-card.test.ts,browser-locales,retain-full-or-review,False,False,False,True,True,False,520,17,browser-locales
components/kanban-column.render-stability.test.tsx,browser-locales,retain-full-or-review,False,True,False,True,True,False,520,108,browser-locales
components/kanban-display-dropdown.test.tsx,browser-locales,retain-full-or-review,False,True,False,True,True,False,181,1111,browser-locales
components/kanban-with-preview.copilot.test.tsx,browser-locales,retain-full-or-review,False,True,False,True,True,False,1583,162,browser-locales
components/kanban-with-preview.rendered.test.tsx,browser-locales,retain-full-or-review,False,True,False,True,True,False,1583,100,browser-locales
components/kanban-with-preview.session-ownership.test.tsx,browser-locales,retain-full-or-review,False,True,False,True,True,False,1583,1945,browser-locales
components/kanban-with-preview.test.ts,browser-locales,retain-full-or-review,False,False,False,True,True,False,1583,9,browser-locales
components/kanban/adaptive-desktop-kanban.test.tsx,browser-locales,review-english-browser,False,True,False,True,False,False,6,104,browser
components/kanban/columns-menu.test.tsx,browser-locales,review-english-browser,False,True,False,True,False,False,3,279,browser
components/kanban/graph2-step-node.test.tsx,browser-locales,review-english-browser,False,True,False,True,False,False,138,308,browser-locales
components/kanban/graph2-task-pipeline.test.tsx,browser-locales,retain-full-or-review,False,True,False,True,True,False,520,2603,browser-locales
components/kanban/kanban-drag-surface.test.tsx,browser-locales,retain-full-or-review,False,True,False,True,True,False,520,27,browser-locales
components/kanban/kanban-grid-template.test.ts,browser-locales,review-node,False,False,False,False,False,False,2,5,node
components/kanban/kanban-header-mobile.test.tsx,browser-locales,retain-full-or-review,False,True,False,True,True,False,914,555,browser-locales
components/kanban/main-top-bar-plugin-actions.test.tsx,browser-locales,retain-full-or-review,False,True,False,True,True,False,15,46,browser-locales
components/kanban/mobile-menu-sheet.test.tsx,browser-locales,retain-full-or-review,False,True,False,True,True,False,900,484,browser-locales
components/kanban/mobile-menu-utility-actions.test.tsx,browser-locales,retain-full-or-review,False,True,False,True,True,False,292,84,browser-locales
components/kanban/mobile-topbar-action-strip.test.tsx,browser-locales,review-english-browser,False,True,False,True,False,False,2,38,browser
components/kanban/orphan-move-target.test.ts,browser-locales,retain-full-or-review,False,False,False,True,True,False,520,8,browser-locales
components/kanban/pipeline-kanban-shared-source.test.tsx,browser-locales,retain-full-or-review,False,True,False,True,True,False,520,836,browser-locales
components/kanban/swimlane-container.render-stability.test.tsx,browser-locales,retain-full-or-review,False,True,False,True,True,False,536,277,browser-locales
components/kanban/swimlane-container.test.ts,browser-locales,review-node,False,False,False,False,False,False,6,20,node
components/kanban/swimlane-graph-content.test.tsx,browser-locales,retain-full-or-review,True,True,False,True,True,False,235,170,browser-locales
components/kanban/swimlane-graph2-content.test.tsx,browser-locales,retain-full-or-review,False,True,False,True,True,False,520,650,browser-locales
components/kanban/swimlane-graph2-orphan-display.test.ts,browser-locales,retain-full-or-review,False,True,False,True,True,False,520,888,browser-locales
components/kanban/swimlane-kanban-content.render-stability.test.tsx,browser-locales,retain-full-or-review,False,True,False,True,True,False,520,82,browser-locales
components/kanban/swimlane-orphan-display.test.ts,browser-locales,retain-full-or-review,False,False,False,True,True,False,520,7,browser-locales
components/kanban/task-multi-select-toolbar.test.tsx,browser-locales,review-english-browser,False,True,False,True,False,False,184,399,browser-locales
components/kanban/virtualized-column-task-list.render-stability.test.tsx,browser-locales,retain-full-or-review,False,True,False,True,True,False,520,109,browser-locales
components/kanban/virtualized-column-task-list.test.tsx,browser-locales,retain-full-or-review,False,True,False,True,True,False,520,56,browser-locales
components/linear/linear-issue-common.test.tsx,browser-locales,review-english-browser,False,False,False,True,False,False,15,10,browser
components/linear/linear-issue-watch-dialog.test.tsx,browser-locales,review-english-browser,False,True,False,True,False,False,194,113,browser-locales
components/linear/linear-issue-watch-form.test.ts,browser-locales,review-node,False,False,False,False,False,False,3,15,node
components/linear/linear-issue-watchers-section.test.tsx,browser-locales,retain-full-or-review,True,True,False,True,True,False,143,293,browser-locales
components/linear/linear-settings.test.tsx,browser-locales,retain-full-or-review,False,True,False,True,True,False,1190,801,browser-locales
components/linear/use-linear-issue-search.test.ts,browser-locales,review-english-browser,False,True,False,True,False,False,8,1756,browser
components/mobile/pull-to-refresh.test.tsx,browser-locales,review-english-browser,False,True,False,True,False,False,5,50,browser
components/model-config-selector.test.tsx,browser-locales,review-english-browser,False,True,False,True,False,False,11,637,browser
components/navigation/app-nav-sheet.test.tsx,browser-locales,retain-full-or-review,False,True,False,True,True,False,890,2091,browser-locales
components/navigation/destination-rows.test.tsx,browser-locales,review-english-browser,False,True,False,True,False,False,11,100,browser
components/navigation/mobile-automations-section.test.tsx,browser-locales,review-english-browser,False,True,False,True,False,False,19,179,browser
components/navigation/mobile-canvases-section.test.tsx,browser-locales,review-english-browser,False,True,False,True,False,False,139,86,browser-locales
components/navigation/mobile-coordinators-section.test.tsx,browser-locales,review-english-browser,False,True,False,True,False,False,145,89,browser-locales
components/navigation/mobile-task-navigation-provider.test.tsx,browser-locales,retain-full-or-review,False,True,False,True,True,False,771,409,browser-locales
components/needs-you-inbox/failed-inbox-empty-state.test.tsx,browser-locales,review-english-browser,False,True,False,True,False,False,134,48,browser-locales
components/needs-you-inbox/failed-inbox-error-state.test.tsx,browser-locales,review-english-browser,False,True,False,True,False,False,2,33,browser
components/needs-you-inbox/failed-inbox-row.test.tsx,browser-locales,review-english-browser,False,True,False,True,False,False,15,95,browser
components/needs-you-inbox/failed-inbox-tab-panel.test.tsx,browser-locales,review-english-browser,False,True,False,True,False,False,146,74,browser-locales
components/needs-you-inbox/inbox-tab-strip.test.tsx,browser-locales,review-english-browser,False,True,False,True,False,False,2,154,browser
components/needs-you-inbox/needs-you-inbox-empty-state.test.tsx,browser-locales,review-english-browser,False,True,False,True,False,False,140,55,browser-locales
components/needs-you-inbox/needs-you-inbox-error-state.test.tsx,browser-locales,review-english-browser,False,True,False,True,False,False,2,61,browser
components/needs-you-inbox/needs-you-inbox-hidden-panel.test.tsx,browser-locales,review-english-browser,False,True,False,True,False,False,139,172,browser-locales
components/needs-you-inbox/needs-you-inbox-row.test.tsx,browser-locales,review-english-browser,False,True,False,True,False,False,163,555,browser-locales
components/office/settings/office-config-sync-status-card.test.tsx,browser-locales,review-english-browser,False,True,False,True,False,False,6,123,browser
components/onboarding-dialog.test.tsx,browser-locales,review-english-browser,False,True,False,True,False,False,182,641,browser-locales
components/onboarding/agent-setup-fields.test.tsx,browser-locales,review-english-browser,False,True,False,True,False,False,148,609,browser-locales
components/onboarding/use-onboarding-actions.test.tsx,browser-locales,review-english-browser,False,True,False,True,False,False,20,51,browser
components/overlay-typography-primitives.test.tsx,browser-locales,review-english-browser,False,True,False,True,False,False,1,56,browser
components/page-shell.test.tsx,browser-locales,retain-full-or-review,False,True,False,True,True,False,896,141,browser-locales
components/page-topbar.test.tsx,browser-locales,retain-full-or-review,False,True,False,True,True,False,252,299,browser-locales
components/plugins/canvas-page.test.tsx,browser-locales,review-english-browser,False,True,False,True,False,False,12,87,browser
components/plugins/mobile-plugin-nav-section.test.tsx,browser-locales,retain-full-or-review,False,True,False,True,True,False,523,195,browser-locales
components/plugins/plugin-action.test.tsx,browser-locales,retain-full-or-review,False,True,False,True,True,False,1252,397,browser-locales
components/plugins/plugin-error-boundary.test.tsx,browser-locales,review-english-browser,False,True,False,True,False,False,2,35,browser
components/plugins/plugin-modal-host.focus-regressions.test.tsx,browser-locales,review-english-browser,False,True,False,True,False,False,6,353,browser
components/plugins/plugin-modal-host.test.tsx,browser-locales,review-english-browser,False,True,False,True,False,False,6,1610,browser
components/plugins/plugin-nav-items.test.tsx,browser-locales,retain-full-or-review,False,True,False,True,True,False,30,69,browser-locales
components/plugins/plugin-page.test.tsx,browser-locales,retain-full-or-review,False,True,False,True,True,False,897,109,browser-locales
components/plugins/plugin-slot.test.tsx,browser-locales,retain-full-or-review,False,True,False,True,True,False,14,95,browser-locales
components/plugins/task-menu-actions.test.tsx,browser-locales,retain-full-or-review,False,True,False,True,True,False,188,948,browser-locales
components/plugins/task-menu-keys.test.tsx,browser-locales,retain-full-or-review,False,False,False,True,True,False,12,12,browser-locales
components/plugins/task-menu-registration-boundary.test.tsx,browser-locales,retain-full-or-review,False,False,False,True,True,False,12,11,browser-locales
components/plugins/web-app-appearance.test.ts,browser-locales,review-english-browser,False,True,False,True,False,False,2,39,browser
components/plugins/web-app-frame.test.tsx,browser-locales,review-english-browser,False,True,False,True,False,False,11,124,browser
components/plugins/web-app-startup.test.ts,browser-locales,review-english-browser,False,False,False,True,False,False,7,6,browser
components/prompt-result-recovery.test.tsx,browser-locales,review-english-browser,False,True,False,True,False,False,2,44,browser
components/quick-chat/quick-chat-activity-indicator.test.tsx,browser-locales,review-english-browser,False,True,False,True,False,False,7,35,browser
components/quick-chat/quick-chat-agent-picker.test.tsx,browser-locales,retain-full-or-review,False,True,False,True,True,False,355,92,browser-locales
components/quick-chat/quick-chat-cancel-commands.test.tsx,browser-locales,retain-full-or-review,False,True,False,True,True,False,519,85,browser-locales
components/quick-chat/quick-chat-content.test.tsx,browser-locales,retain-full-or-review,False,True,False,True,True,False,1110,30,browser-locales
components/quick-chat/quick-chat-delete-dialog.test.tsx,browser-locales,review-english-browser,False,True,False,True,False,False,2,148,browser
components/quick-chat/quick-chat-focus.test.ts,browser-locales,review-english-browser,False,True,False,True,False,False,2,15,browser
components/quick-chat/quick-chat-modal.test.ts,browser-locales,review-english-browser,False,True,False,True,False,False,57,27,browser-locales
components/quick-chat/quick-chat-modal.test.tsx,browser-locales,retain-full-or-review,False,True,False,True,True,False,1167,811,browser-locales
components/quick-chat/quick-chat-provider-focus.test.tsx,browser-locales,retain-full-or-review,False,True,False,True,True,False,1170,30,browser-locales
components/quick-chat/quick-chat-provider.test.ts,browser-locales,retain-full-or-review,False,False,False,True,True,False,1170,5,browser-locales
components/quick-chat/quick-chat-repository-action.test.tsx,browser-locales,review-english-browser,False,True,False,True,False,False,6,248,browser
components/quick-chat/quick-chat-session-view.test.tsx,browser-locales,retain-full-or-review,False,True,False,True,True,False,1142,127,browser-locales
components/quick-chat/quick-chat-setup.test.tsx,browser-locales,retain-full-or-review,False,True,False,True,True,False,387,333,browser-locales
components/quick-chat/quick-chat-tab-item.test.tsx,browser-locales,review-english-browser,False,True,False,True,False,False,4,188,browser
components/quick-chat/quick-tab-add-menu.test.tsx,browser-locales,review-english-browser,False,True,False,True,False,False,2,60,browser
components/quick-chat/quick-terminal-tab-view.test.tsx,browser-locales,review-english-browser,False,True,False,True,False,False,60,114,browser-locales
components/quick-chat/startup-rows.test.ts,browser-locales,review-english-browser,False,False,False,True,False,False,8,8,browser
components/quick-chat/use-agent-selection-retention.test.ts,browser-locales,review-english-browser,False,True,False,True,False,False,184,76,browser-locales
components/quick-chat/use-quick-chat-initial-draft.test.ts,browser-locales,review-english-browser,False,True,False,True,False,False,2,35,browser
components/quick-chat/use-quick-chat-initial-prompt-recovery.test.ts,browser-locales,review-english-browser,False,True,False,True,False,False,2,18,browser
components/quick-chat/use-quick-chat-initial-prompt-session-generation.test.ts,browser-locales,review-english-browser,False,True,False,True,False,False,13,21,browser
components/quick-chat/use-quick-chat-initial-prompt.test.ts,browser-locales,review-english-browser,False,True,False,True,False,False,13,50,browser
components/quick-chat/use-quick-chat-modal-opening-payload.test.ts,browser-locales,review-english-browser,False,True,False,True,False,False,184,40,browser-locales
components/quick-chat/use-quick-chat-modal.test.ts,browser-locales,review-english-browser,False,True,False,True,False,False,184,108,browser-locales
components/quick-chat/use-quick-chat-setup-draft-generation.test.ts,browser-locales,review-english-browser,False,True,False,True,False,False,14,17,browser
components/quick-chat/use-quick-chat-setup-draft.test.ts,browser-locales,review-english-browser,False,True,False,True,False,False,14,53,browser
components/quick-chat/use-quick-chat-tab-order.test.ts,browser-locales,review-english-browser,False,True,False,True,False,False,134,598,browser-locales
components/repository-discovery-controls.test.tsx,browser-locales,review-english-browser,False,True,False,True,False,False,151,51,browser-locales
components/repository-discovery-dialog.test.tsx,browser-locales,review-english-browser,False,True,False,True,False,False,153,137,browser-locales
components/repository-discovery-root-controls.test.tsx,browser-locales,review-english-browser,False,True,False,True,False,False,139,107,browser-locales
components/review/review-comments-overview.test.tsx,browser-locales,review-english-browser,False,True,False,True,False,False,5,65,browser
components/review/review-dialog-handlers.test.ts,browser-locales,review-english-browser,False,False,False,True,False,False,6,10,browser
components/review/review-dialog-pr-state.test.tsx,browser-locales,review-english-browser,False,True,False,True,False,False,2,71,browser
components/review/review-dialog-submodule.test.ts,browser-locales,retain-full-or-review,False,False,False,True,True,False,482,6,browser-locales
components/review/review-dialog.build-files.test.ts,browser-locales,retain-full-or-review,False,True,False,True,True,False,482,33,browser-locales
components/review/review-diff-expansion.test.ts,browser-locales,retain-full-or-review,False,False,False,True,True,False,401,7,browser-locales
components/review/review-diff-header.test.tsx,browser-locales,retain-full-or-review,False,True,False,True,True,False,239,161,browser-locales
components/review/review-diff-list-auto-mark.test.tsx,browser-locales,retain-full-or-review,False,True,False,True,True,False,401,210,browser-locales
components/review/review-diff-list-grouping.test.tsx,browser-locales,retain-full-or-review,False,True,False,True,True,False,401,492,browser-locales
components/review/review-diff-toolbar.test.tsx,browser-locales,retain-full-or-review,False,True,False,True,True,False,233,1078,browser-locales
components/review/review-file-comment-counts.test.ts,browser-locales,retain-full-or-review,False,False,False,True,True,False,482,9,browser-locales
components/review/review-file-comments.test.tsx,browser-locales,retain-full-or-review,False,True,False,True,True,False,257,204,browser-locales
components/review/review-file-diff-content.test.tsx,browser-locales,retain-full-or-review,False,True,False,True,True,False,346,36,browser-locales
components/review/review-file-tree.test.tsx,browser-locales,review-english-browser,False,True,False,True,False,False,13,427,browser
components/review/review-findings-button.test.tsx,browser-locales,review-english-browser,False,True,False,True,False,False,13,185,browser
components/review/review-findings-overview.test.tsx,browser-locales,review-english-browser,False,True,False,True,False,False,11,71,browser
components/review/review-markdown-diff-preview.test.ts,browser-locales,review-node,False,False,False,False,False,False,2,6,node
components/review/review-repository-identity.test.ts,browser-locales,review-english-browser,False,False,False,True,False,False,6,7,browser
components/review/types.multi-repo.test.ts,browser-locales,review-english-browser,False,False,False,True,False,False,5,17,browser
components/review/types.test.ts,browser-locales,review-english-browser,False,False,False,True,False,False,5,10,browser
components/review/use-review-scroll-anchor.test.ts,browser-locales,review-english-browser,False,True,False,True,False,False,7,58,browser
components/review/walkthrough-overlay.test.tsx,browser-locales,retain-full-or-review,False,True,False,True,True,False,291,719,browser-locales
components/right-side-panel.test.tsx,browser-locales,review-english-browser,False,True,False,True,False,False,6,83,browser
components/routing/app-link.test.tsx,browser-locales,review-english-browser,False,True,False,True,False,False,4,61,browser
components/routing/task-link.test.tsx,browser-locales,review-english-browser,False,True,False,True,False,False,6,52,browser
components/runs/automation-detail-page.test.tsx,browser-locales,retain-full-or-review,False,True,False,True,True,False,1243,981,browser-locales
components/runs/automation-rows.test.ts,browser-locales,review-english-browser,False,False,False,True,False,False,6,65,browser
components/runs/automation-schedule.test.ts,browser-locales,review-english-browser,False,False,False,True,False,False,5,19,browser
components/runs/run-status.test.ts,browser-locales,review-english-browser,False,False,False,True,False,False,8,15,browser
components/runs/run-transcript.test.tsx,browser-locales,retain-full-or-review,False,True,False,True,True,False,1072,1255,browser-locales
components/runs/runs-list-page.test.tsx,browser-locales,retain-full-or-review,False,True,False,True,True,False,264,403,browser-locales
components/runs/runs-page-client.test.tsx,browser-locales,retain-full-or-review,False,True,False,True,True,False,259,842,browser-locales
components/runs/runs-view.test.ts,browser-locales,review-node,False,False,False,False,False,False,2,7,node
components/runs/use-automation-activity.test.ts,browser-locales,review-english-browser,False,True,False,True,False,False,6,507,browser
components/runs/use-automation-summaries.test.ts,browser-locales,review-english-browser,False,True,False,True,False,False,6,351,browser
components/runs/use-live-refresh.test.ts,browser-locales,review-english-browser,False,True,False,True,False,False,2,29,browser
components/runs/use-manual-trigger.test.ts,browser-locales,review-english-browser,False,True,False,True,False,False,12,69,browser
components/runs/use-rail-width.test.ts,browser-locales,review-english-browser,False,True,False,True,False,False,2,38,browser
components/runs/use-workspace-automations.test.ts,browser-locales,review-english-browser,False,True,False,True,False,False,6,346,browser
components/runs/use-workspace-runs.test.ts,browser-locales,review-english-browser,False,True,False,True,False,False,6,518,browser
components/sentry/sentry-instance-card.test.tsx,browser-locales,review-english-browser,False,True,False,True,False,False,16,212,browser
components/sentry/sentry-instance-form.test.tsx,browser-locales,retain-full-or-review,False,True,False,True,True,False,1156,293,browser-locales
components/sentry/sentry-issue-dialog.test.tsx,browser-locales,review-english-browser,False,True,False,True,False,False,149,496,browser-locales
components/sentry/sentry-issue-watch-dialog.test.tsx,browser-locales,review-english-browser,False,True,False,True,False,False,199,1205,browser-locales
components/sentry/sentry-issue-watch-form.test.ts,browser-locales,review-node,False,False,False,False,False,False,3,14,node
components/sentry/sentry-issue-watch-table.test.tsx,browser-locales,review-english-browser,False,True,False,True,False,False,16,468,browser
components/sentry/sentry-issue-watchers-section.test.tsx,browser-locales,retain-full-or-review,False,True,False,True,True,False,1187,73,browser-locales
components/sentry/sentry-settings.test.tsx,browser-locales,retain-full-or-review,False,True,False,True,True,False,1196,639,browser-locales
components/session-commands.test.tsx,browser-locales,retain-full-or-review,False,False,False,True,True,False,516,21,browser-locales
components/session-tabs.test.tsx,browser-locales,review-english-browser,False,True,False,True,False,False,2,120,browser
components/session/prepare-progress-status.test.ts,browser-locales,retain-full-or-review,False,False,False,True,True,False,199,7,browser-locales
components/session/prepare-progress.test.tsx,browser-locales,retain-full-or-review,False,True,False,True,True,False,199,224,browser-locales
components/settings-discovery-commands.test.ts,browser-locales,review-english-browser,False,True,False,True,False,False,182,9,browser-locales
components/settings/account/account-route-copy.test.ts,browser-locales,review-english-browser,False,False,False,True,False,False,3,8,browser
components/settings/account/security-settings.test.tsx,browser-locales,retain-full-or-review,False,True,False,True,True,False,1162,3418,browser-locales
components/settings/add-tui-agent-dialog.test.tsx,browser-locales,review-english-browser,False,True,False,True,False,False,16,889,browser
components/settings/agent-generated-task-title-settings.test.tsx,browser-locales,retain-full-or-review,False,True,False,True,True,False,1162,263,browser-locales
components/settings/agent-login-dialog.test.tsx,browser-locales,review-english-browser,False,True,False,True,False,False,62,161,browser-locales
components/settings/agent-profile-delete-dialog.test.tsx,browser-locales,review-english-browser,False,True,False,True,False,False,143,543,browser-locales
components/settings/agent-profile-dirty.test.ts,browser-locales,review-english-browser,False,False,False,True,False,False,148,6,browser-locales
components/settings/agent-profile-duplicate-action.test.tsx,browser-locales,retain-full-or-review,False,True,False,True,True,False,1169,80,browser-locales
components/settings/agent-profile-page-state.test.ts,browser-locales,review-english-browser,False,True,False,True,False,False,151,31,browser-locales
components/settings/agent-profile-page.test.tsx,browser-locales,review-english-browser,False,True,False,True,False,False,151,260,browser-locales
components/settings/agent-profile-picker.test.tsx,browser-locales,review-english-browser,False,True,False,True,False,False,13,242,browser
components/settings/agent-profile-reconciliation.test.ts,browser-locales,review-node,False,False,False,False,False,False,3,15,node
components/settings/agent-runtime-policies.test.tsx,browser-locales,retain-full-or-review,False,True,False,True,True,False,1165,251,browser-locales
components/settings/agent-runtime-update-control.test.tsx,browser-locales,review-english-browser,False,True,False,True,False,False,21,402,browser
components/settings/agent-tab-close-behavior-settings.test.ts,browser-locales,retain-full-or-review,False,False,False,True,True,False,1162,5,browser-locales
components/settings/agents/agent-admin-gating.test.tsx,browser-locales,review-english-browser,False,True,False,True,False,False,160,79,browser-locales
components/settings/agents/agent-install-catalog.test.ts,browser-locales,review-english-browser,False,False,False,True,False,False,165,5,browser-locales
components/settings/agents/agent-profiles-section.test.tsx,browser-locales,review-english-browser,False,True,False,True,False,False,157,731,browser-locales
components/settings/anchored-prompt-bar-settings.test.tsx,browser-locales,retain-full-or-review,False,True,False,True,True,False,1162,746,browser-locales
components/settings/app-status-bar-settings-card.test.tsx,browser-locales,retain-full-or-review,False,True,False,True,True,False,1161,88,browser-locales
components/settings/appearance-settings-state.test.ts,browser-locales,review-english-browser,False,False,False,True,False,False,120,15,browser-locales
components/settings/archive-confirmation-settings.test.tsx,browser-locales,retain-full-or-review,False,True,False,True,True,False,1162,498,browser-locales
components/settings/canvas-host-components.test.tsx,browser-locales,review-english-browser,False,True,False,True,False,False,29,188,browser-locales
components/settings/canvas-host-route.test.tsx,browser-locales,retain-full-or-review,False,True,False,True,True,False,923,500,browser-locales
components/settings/canvas-lifecycle-dialogs.test.tsx,browser-locales,review-english-browser,False,True,False,True,False,False,13,521,browser
components/settings/canvas-rename-dialog.test.tsx,browser-locales,review-english-browser,False,True,False,True,False,False,8,194,browser
components/settings/canvas-share-dialog.test.tsx,browser-locales,review-english-browser,False,True,False,True,False,False,17,447,browser
components/settings/canvas-share-help.test.tsx,browser-locales,review-english-browser,False,True,False,True,False,False,2,110,browser
components/settings/cli-flags-field.test.tsx,browser-locales,review-english-browser,False,True,False,True,False,False,14,122,browser
components/settings/command-prefix-field.test.tsx,browser-locales,review-english-browser,False,True,False,True,False,False,2,84,browser
components/settings/copy-move-secret-dialog.destination-names.test.tsx,browser-locales,review-english-browser,False,True,False,True,False,False,140,1606,browser-locales
components/settings/copy-move-secret-dialog.test.tsx,browser-locales,review-english-browser,False,True,False,True,False,False,140,1693,browser-locales
components/settings/creation-auto-focus-settings.test.tsx,browser-locales,retain-full-or-review,False,True,False,True,True,False,1162,799,browser-locales
components/settings/cursor-mcp-profile-selection.test.tsx,browser-locales,review-english-browser,False,True,False,True,False,False,18,120,browser
components/settings/cursor-mcp-selection.test.ts,browser-locales,review-node,False,False,False,False,False,False,2,18,node
components/settings/dynamic-agent-policy-editor.test.tsx,browser-locales,review-english-browser,False,True,False,True,False,False,9,197,browser
components/settings/dynamic-agent-profile-editor-save-concurrency.test.tsx,browser-locales,retain-full-or-review,False,True,False,True,True,False,1172,510,browser-locales
components/settings/dynamic-agent-profile-editor-state.test.ts,browser-locales,retain-full-or-review,False,False,False,True,True,False,1170,7,browser-locales
components/settings/dynamic-agents-card.test.tsx,browser-locales,review-english-browser,False,True,False,True,False,False,142,59,browser-locales
components/settings/editor-form.test.tsx,browser-locales,retain-full-or-review,False,True,False,True,True,False,1158,272,browser-locales
components/settings/editors-settings-state.test.tsx,browser-locales,retain-full-or-review,True,True,False,True,True,False,1157,51,browser-locales
components/settings/executor-copy.test.ts,browser-locales,retain-full-or-review,True,False,False,True,True,False,16,22,browser-locales
components/settings/executor-profile-navigation.test.tsx,browser-locales,retain-full-or-review,False,True,False,True,True,False,1169,132,browser-locales
components/settings/executor-profiles-card.test.tsx,browser-locales,review-english-browser,False,True,False,True,False,False,146,102,browser-locales
components/settings/general-settings.test.tsx,browser-locales,retain-full-or-review,False,True,False,True,True,False,1198,6099,browser-locales
components/settings/inference-agent-status.test.tsx,browser-locales,review-english-browser,False,True,False,True,False,False,2,97,browser
components/settings/installed-agent-card.test.tsx,browser-locales,review-english-browser,False,True,False,True,False,False,82,194,browser-locales
components/settings/keyboard-shortcuts-card.test.tsx,browser-locales,review-english-browser,False,True,False,True,False,False,24,322,browser
components/settings/kubernetes-config.test.ts,browser-locales,review-node,False,False,False,False,False,False,2,13,node
components/settings/kubernetes-create-error.test.ts,browser-locales,review-english-browser,False,False,False,True,False,False,139,5,browser-locales
components/settings/kubernetes-profile-cluster-section.test.tsx,browser-locales,review-english-browser,False,True,False,True,False,False,159,176,browser-locales
components/settings/kubernetes-save-confirmation.test.ts,browser-locales,retain-full-or-review,False,False,False,True,True,False,1154,18,browser-locales
components/settings/kubernetes-sessions-card.test.tsx,browser-locales,review-english-browser,False,True,False,True,False,False,154,177,browser-locales
components/settings/kubernetes-settings-cards.test.tsx,browser-locales,review-english-browser,False,True,False,True,False,False,159,226,browser-locales
components/settings/kubernetes-validation.test.ts,browser-locales,review-node,False,False,False,False,False,False,3,10,node
components/settings/kubernetes-workload-card.test.tsx,browser-locales,review-english-browser,False,True,False,True,False,False,16,106,browser
components/settings/layouts/layout-editor-actions.test.ts,browser-locales,retain-full-or-review,False,False,False,True,True,False,35,18,browser-locales
components/settings/layouts/layout-editor.test.ts,browser-locales,retain-full-or-review,False,False,False,True,True,False,38,6,browser-locales
components/settings/layouts/layout-profile-delete-confirmation.test.tsx,browser-locales,retain-full-or-review,False,True,False,True,True,False,53,268,browser-locales
components/settings/layouts/layout-settings.test.tsx,browser-locales,retain-full-or-review,False,True,False,True,True,False,1210,564,browser-locales
components/settings/layouts/use-layout-settings.test.tsx,browser-locales,retain-full-or-review,True,True,False,True,True,False,183,118,browser-locales
components/settings/legacy-executor-settings-route.test.tsx,browser-locales,retain-full-or-review,False,True,False,True,True,False,1167,155,browser-locales
components/settings/lsp-language-cards.test.tsx,browser-locales,review-english-browser,False,True,False,True,False,False,5,95,browser
components/settings/lsp-language-options.test.ts,browser-locales,retain-full-or-review,True,False,False,True,True,False,4,24,browser-locales
components/settings/mcp-strategy-select.test.tsx,browser-locales,review-english-browser,False,False,False,True,False,False,13,5,browser
components/settings/mcp-task-agent-profile-default-settings.test.tsx,browser-locales,retain-full-or-review,False,True,False,True,True,False,1162,502,browser-locales
components/settings/message-time-display-settings.test.tsx,browser-locales,retain-full-or-review,False,True,False,True,True,False,1161,1025,browser-locales
components/settings/model-config-resolution-status.test.tsx,browser-locales,review-english-browser,False,True,False,True,False,False,9,66,browser
components/settings/model-fallback-settings-shell.test.tsx,browser-locales,review-english-browser,False,True,False,True,False,False,9,105,browser
components/settings/notification-events-table.test.tsx,browser-locales,review-english-browser,False,True,False,True,False,False,3,208,browser
components/settings/notification-permission-section.test.tsx,browser-locales,retain-full-or-review,False,True,False,True,True,False,1162,436,browser-locales
components/settings/notification-sound-section.test.tsx,browser-locales,retain-full-or-review,False,True,False,True,True,False,1163,466,browser-locales
components/settings/notifications-settings-actions.test.tsx,browser-locales,retain-full-or-review,False,True,False,True,True,False,1166,223,browser-locales
components/settings/notifications-settings.test.tsx,browser-locales,retain-full-or-review,False,True,False,True,True,False,1172,1032,browser-locales
components/settings/plugin-executor-credentials.test.ts,browser-locales,review-english-browser,False,False,False,True,False,False,17,7,browser
components/settings/plugin-executor-profile.test.tsx,browser-locales,review-english-browser,False,True,False,True,False,False,4,101,browser
components/settings/plugins/canvas-install-dialog.test.tsx,browser-locales,review-english-browser,False,True,False,True,False,False,18,54,browser
components/settings/plugins/canvas-marketplace-detail.test.tsx,browser-locales,review-english-browser,False,True,False,True,False,False,9,47,browser
components/settings/plugins/canvas-marketplace.test.ts,browser-locales,review-english-browser,False,False,False,True,False,False,151,7,browser-locales
components/settings/plugins/marketplace-entry-row.test.tsx,browser-locales,review-english-browser,False,True,False,True,False,False,11,67,browser
components/settings/plugins/marketplace-preview-gallery.test.tsx,browser-locales,review-english-browser,False,True,False,True,False,False,2,70,browser
components/settings/plugins/marketplace-sources-dialog.test.tsx,browser-locales,review-english-browser,False,True,False,True,False,False,9,295,browser
components/settings/plugins/plugin-config-form.agent-profile.test.tsx,browser-locales,review-english-browser,False,True,False,True,False,False,169,225,browser-locales
components/settings/plugins/plugin-config-form.test.tsx,browser-locales,review-english-browser,False,True,False,True,False,False,169,326,browser-locales
components/settings/plugins/plugin-error-diagnostic.test.tsx,browser-locales,review-english-browser,False,True,False,True,False,False,5,32,browser
components/settings/plugins/plugin-manifest-model.test.ts,browser-locales,review-node,False,False,False,False,False,False,2,4,node
components/settings/plugins/plugin-repo-link.test.tsx,browser-locales,review-english-browser,False,True,False,True,False,False,7,43,browser
components/settings/plugins/plugin-row.test.tsx,browser-locales,review-english-browser,False,True,False,True,False,False,23,552,browser
components/settings/plugins/plugin-shortcuts-card.test.tsx,browser-locales,retain-full-or-review,False,True,False,True,True,False,1170,922,browser-locales
components/settings/plugins/uninstall-plugin-dialog.test.tsx,browser-locales,review-english-browser,False,True,False,True,False,False,14,179,browser
components/settings/plugins/use-plugin-actions.test.tsx,browser-locales,retain-full-or-review,False,True,False,True,True,True,1258,123,browser-locales
components/settings/plugins/use-plugin-config-form.test.ts,browser-locales,review-english-browser,False,True,False,True,False,False,12,639,browser
components/settings/plugins/use-plugin-update-action.test.tsx,browser-locales,review-english-browser,False,True,False,True,False,False,4,36,browser
components/settings/prevent-auto-start-agent-settings.test.tsx,browser-locales,retain-full-or-review,False,True,False,True,True,False,1162,514,browser-locales
components/settings/profile-capability-helpers.test.tsx,browser-locales,review-english-browser,False,True,False,True,False,False,143,121,browser-locales
components/settings/profile-capability-status.test.tsx,browser-locales,review-english-browser,False,True,False,True,False,False,2,73,browser
components/settings/profile-edit/build-docker-network-config.test.ts,browser-locales,review-node,False,False,False,False,False,False,2,11,node
components/settings/profile-edit/docker-build-card-permissions.test.tsx,browser-locales,review-english-browser,False,True,False,True,False,False,149,123,browser-locales
components/settings/profile-edit/docker-sections.test.ts,browser-locales,review-english-browser,False,False,False,True,False,False,149,7,browser-locales
components/settings/profile-edit/executor-profile-reset.test.tsx,browser-locales,retain-full-or-review,False,True,False,True,True,False,1236,86,browser-locales
components/settings/profile-edit/profile-dirty-fields.test.tsx,browser-locales,review-english-browser,False,True,False,True,False,False,151,105,browser-locales
components/settings/profile-edit/profile-edit-form-helpers.test.ts,browser-locales,review-english-browser,False,False,False,True,False,False,18,7,browser
components/settings/profile-edit/profile-edit-page-chrome.test.tsx,browser-locales,review-english-browser,False,True,False,True,False,False,14,183,browser
components/settings/profile-edit/remote-credentials-card.test.tsx,browser-locales,review-english-browser,False,True,False,True,False,False,151,989,browser-locales
components/settings/profile-edit/script-editor-completions.test.ts,browser-locales,review-node,False,False,False,False,False,False,2,14,node
components/settings/profile-edit/script-editor.test.tsx,browser-locales,review-english-browser,False,True,False,True,False,False,6,65,browser-locales
components/settings/profile-edit/serialize-executor-config.test.ts,browser-locales,review-node,False,False,False,False,False,False,4,16,node
components/settings/profile-edit/sprites-cards-pseudo.test.tsx,browser-locales,retain-full-or-review,True,True,False,True,True,False,147,172,browser-locales
components/settings/profile-edit/use-docker-networks-form-state.test.ts,browser-locales,review-english-browser,False,True,False,True,False,False,2,26,browser
components/settings/profile-edit/use-executor-profile-save-contributor.test.tsx,browser-locales,retain-full-or-review,False,True,False,True,True,False,1160,25,browser-locales
components/settings/profile-edit/use-kubernetes-profile-page-save-contributor.test.tsx,browser-locales,retain-full-or-review,False,True,False,True,True,False,1161,96,browser-locales
components/settings/profile-edit/use-user-namespaces-form-state.test.ts,browser-locales,review-english-browser,False,True,False,True,False,False,2,16,browser
components/settings/profile-enabled-help.test.tsx,browser-locales,review-english-browser,False,True,False,True,False,False,2,118,browser
components/settings/profile-form-fields.test.tsx,browser-locales,retain-full-or-review,False,True,False,True,True,False,1180,4081,browser-locales
components/settings/profile-model-config.test.ts,browser-locales,review-english-browser,False,False,False,True,False,False,12,4,browser
components/settings/profile-model-options.test.tsx,browser-locales,review-english-browser,False,True,False,True,False,False,210,430,browser-locales
components/settings/prompts-settings.test.tsx,browser-locales,retain-full-or-review,False,True,False,True,True,False,1169,1366,browser-locales
components/settings/pty-terminal-input.test.ts,browser-locales,review-english-browser,False,False,False,True,False,False,4,10,browser
components/settings/pty-terminal-view.test.tsx,browser-locales,review-english-browser,False,True,False,True,False,False,58,805,browser-locales
components/settings/remote-docker-connection-config.test.ts,browser-locales,review-node,False,False,False,False,False,False,3,8,node
components/settings/repository-branch-policy-fields.test.tsx,browser-locales,review-english-browser,False,True,False,True,False,False,18,199,browser
components/settings/repository-branch-template-help.test.tsx,browser-locales,retain-full-or-review,True,True,False,True,True,False,4,800,browser-locales
components/settings/repository-card.test.tsx,browser-locales,retain-full-or-review,True,True,False,True,True,False,1172,514,browser-locales
components/settings/repository-copy-files-help.test.tsx,browser-locales,review-english-browser,False,True,False,True,False,False,2,86,browser-locales
components/settings/repository-delete-dialog.test.tsx,browser-locales,review-english-browser,False,True,False,True,False,False,2,176,browser
components/settings/repository-secret-bindings.test.ts,browser-locales,review-english-browser,False,False,False,True,False,False,15,11,browser
components/settings/rich-output-motion-settings-card.test.tsx,browser-locales,retain-full-or-review,True,True,False,True,True,False,1161,108,browser-locales
components/settings/secret-delete-error.test.ts,browser-locales,review-english-browser,False,False,False,True,False,False,8,10,browser
components/settings/secrets-delete-dialog.test.tsx,browser-locales,retain-full-or-review,True,True,False,True,True,False,20,382,browser-locales
components/settings/secrets-list-item-row.test.tsx,browser-locales,review-english-browser,False,True,False,True,False,False,23,418,browser
components/settings/secrets-settings.lifetime.test.tsx,browser-locales,retain-full-or-review,False,True,False,True,True,False,1180,2636,browser-locales
components/settings/secrets-settings.test.ts,browser-locales,retain-full-or-review,False,True,False,True,True,False,1180,1490,browser-locales
components/settings/settings-breadcrumbs.test.ts,browser-locales,review-node,False,False,False,False,False,False,16,17,browser-locales
components/settings/settings-card-header.test.tsx,browser-locales,review-english-browser,False,True,False,True,False,False,8,51,browser
components/settings/settings-dirty.test.ts,browser-locales,review-node,False,False,False,False,False,False,2,6,node
components/settings/settings-field.test.tsx,browser-locales,review-english-browser,False,True,False,True,False,False,8,48,browser
components/settings/settings-group.test.tsx,browser-locales,retain-full-or-review,False,True,False,True,True,False,1159,201,browser-locales
components/settings/settings-index.test.tsx,browser-locales,retain-full-or-review,False,True,False,True,True,False,244,37,browser-locales
components/settings/settings-info.test.tsx,browser-locales,review-english-browser,False,True,False,True,False,False,4,153,browser
components/settings/settings-layout-client.test.tsx,browser-locales,retain-full-or-review,True,True,False,True,True,False,1478,840,browser-locales
components/settings/settings-prompt-editor.test.tsx,browser-locales,review-english-browser,False,True,False,True,False,False,164,43,browser-locales
components/settings/settings-save-provider.test.tsx,browser-locales,retain-full-or-review,False,True,False,True,True,False,1153,1980,browser-locales
components/settings/settings-save-revision.test.ts,browser-locales,review-node,False,False,False,False,False,False,2,5,node
components/settings/settings-tabs.test.tsx,browser-locales,review-english-browser,False,True,False,True,False,False,8,123,browser
components/settings/settings-target-provider.test.tsx,browser-locales,review-english-browser,False,True,False,True,False,False,5,49,browser
components/settings/settings-target-surfaces.test.tsx,browser-locales,retain-full-or-review,False,True,False,True,True,False,1160,45,browser-locales
components/settings/settings-typography.test.ts,browser-locales,review-english-browser,False,False,False,True,False,False,8,17,browser
components/settings/shell-settings-card.test.tsx,browser-locales,retain-full-or-review,False,True,False,True,True,False,1162,142,browser-locales
components/settings/sidebar-hover-settings-card.test.tsx,browser-locales,retain-full-or-review,False,True,False,True,True,False,1162,117,browser-locales
components/settings/sidebar-layout-editor-dnd.test.ts,browser-locales,review-english-browser,False,False,False,True,False,False,9,6,browser
components/settings/sidebar-layout-editor-save.test.ts,browser-locales,retain-full-or-review,False,False,False,True,True,False,1161,11,browser-locales
components/settings/sidebar-layout-editor.test.tsx,browser-locales,retain-full-or-review,False,True,False,True,True,False,1190,3285,browser-locales
components/settings/sidebar-presentation-settings.test.tsx,browser-locales,retain-full-or-review,False,True,False,True,True,False,1162,211,browser-locales
components/settings/sidebar-presentation-state.test.ts,browser-locales,review-node,False,False,False,False,False,False,2,7,node
components/settings/sleep-inhibition-save-refresh.test.tsx,browser-locales,retain-full-or-review,False,True,False,True,True,False,1181,1716,browser-locales
components/settings/sleep-inhibition-settings.test.tsx,browser-locales,retain-full-or-review,False,True,False,True,True,False,1162,425,browser-locales
components/settings/sprites-settings.test.tsx,browser-locales,review-english-browser,False,True,False,True,False,False,141,185,browser-locales
components/settings/ssh-agent-readiness-card.test.ts,browser-locales,review-english-browser,False,False,False,True,False,False,22,8,browser
components/settings/ssh-connection-card.hints.test.tsx,browser-locales,retain-full-or-review,False,True,False,True,True,False,1163,301,browser-locales
components/settings/ssh-connection-card.remote-docker.test.tsx,browser-locales,retain-full-or-review,False,True,False,True,True,False,1163,253,browser-locales
components/settings/ssh-connection-card.test.tsx,browser-locales,retain-full-or-review,False,True,False,True,True,False,1163,288,browser-locales
components/settings/ssh-identity-file-field.test.tsx,browser-locales,review-english-browser,False,True,False,True,False,False,16,278,browser
components/settings/ssh-reachability-card.test.tsx,browser-locales,review-english-browser,False,True,False,True,False,False,144,218,browser-locales
components/settings/ssh-task-dir-reclamation-card.test.ts,browser-locales,review-english-browser,False,False,False,True,False,False,13,7,browser
components/settings/system-metrics-settings-card.test.tsx,browser-locales,retain-full-or-review,False,True,False,True,True,False,1157,511,browser-locales
components/settings/system/backups-table.test.tsx,browser-locales,review-english-browser,False,True,False,True,False,False,156,766,browser-locales
components/settings/system/database-stats-card.test.tsx,browser-locales,review-english-browser,False,True,False,True,False,False,148,141,browser-locales
components/settings/system/feature-toggle-card.test.tsx,browser-locales,review-english-browser,False,True,False,True,False,False,13,196,browser
components/settings/system/feature-toggles-settings.test.tsx,browser-locales,retain-full-or-review,False,True,False,True,True,False,1165,202,browser-locales
components/settings/system/job-progress-indicator.test.tsx,browser-locales,review-english-browser,False,True,False,True,False,False,136,61,browser-locales
components/settings/system/licenses-list.test.tsx,browser-locales,review-english-browser,False,True,False,True,False,False,10,65,browser
components/settings/system/log-viewer.test.tsx,browser-locales,review-english-browser,False,True,False,True,False,False,20,1657,browser
components/settings/system/message-queue-settings.test.tsx,browser-locales,retain-full-or-review,False,True,False,True,True,False,1161,1340,browser-locales
components/settings/system/restart-progress-dialog.test.tsx,browser-locales,review-english-browser,False,True,False,True,False,False,10,1245,browser
components/settings/system/retention-settings-card.test.tsx,browser-locales,retain-full-or-review,False,True,False,True,True,False,1166,914,browser-locales
components/settings/system/session-capacity-settings.test.tsx,browser-locales,retain-full-or-review,False,True,False,True,True,False,1162,478,browser-locales
components/settings/system/storage/storage-confirmation-dialogs.test.tsx,browser-locales,retain-full-or-review,True,True,False,True,True,False,9,263,browser-locales
components/settings/system/storage/storage-disk-capacity-card.test.tsx,browser-locales,review-english-browser,False,True,False,True,False,False,6,147,browser
components/settings/system/storage/storage-gating.test.ts,browser-locales,review-node,False,False,False,False,False,False,2,8,node
components/settings/system/storage/storage-maintenance-settings.test.tsx,browser-locales,retain-full-or-review,False,True,False,True,True,False,1191,22133,browser-locales
components/settings/system/storage/storage-overview-card-bars.test.tsx,browser-locales,review-english-browser,False,True,False,True,False,False,20,525,browser
components/settings/system/storage/storage-overview-card-go-cache-result.test.tsx,browser-locales,review-english-browser,False,True,False,True,False,False,21,217,browser
components/settings/system/storage/storage-overview-card.test.tsx,browser-locales,retain-full-or-review,True,True,False,True,True,False,21,2012,browser-locales
components/settings/system/storage/storage-overview-resources.test.ts,browser-locales,review-node,False,False,False,False,False,False,3,10,node
components/settings/system/storage/storage-policy-card.test.tsx,browser-locales,review-english-browser,False,True,False,True,False,False,164,2412,browser-locales
components/settings/system/storage/storage-quarantine-card.test.tsx,browser-locales,review-english-browser,False,True,False,True,False,False,148,197,browser-locales
components/settings/system/storage/storage-quarantine.test.ts,browser-locales,review-english-browser,False,False,False,True,False,False,5,7,browser
components/settings/system/storage/storage-run-history.test.tsx,browser-locales,review-english-browser,False,True,False,True,False,False,7,137,browser
components/settings/system/storage/storage-totals.test.ts,browser-locales,review-node,False,False,False,False,False,False,2,8,node
components/settings/system/storage/storage-units.test.ts,browser-locales,review-node,False,False,False,False,False,False,2,6,node
components/settings/system/system-confirmation-dialogs.test.tsx,browser-locales,retain-full-or-review,True,True,False,True,True,False,148,851,browser-locales
components/settings/system/system-invisible-copy.test.tsx,browser-locales,retain-full-or-review,True,True,False,True,True,False,247,75,browser-locales
components/settings/system/system-route-copy.test.ts,browser-locales,retain-full-or-review,False,True,False,True,True,False,1201,383,browser-locales
components/settings/system/tool-payload-retention-card.test.tsx,browser-locales,retain-full-or-review,False,True,False,True,True,False,1172,704,browser-locales
components/settings/system/update-channel-control.test.tsx,browser-locales,retain-full-or-review,False,True,False,True,True,False,1155,186,browser-locales
components/settings/system/update-channel-reasons.test.tsx,browser-locales,retain-full-or-review,True,True,False,True,True,False,1155,362,browser-locales
components/settings/system/updates-card.test.tsx,browser-locales,retain-full-or-review,False,True,False,True,True,False,1167,2132,browser-locales
components/settings/system/users-table.test.tsx,browser-locales,retain-full-or-review,False,True,False,True,True,False,1163,1049,browser-locales
components/settings/task-behavior-settings.test.tsx,browser-locales,retain-full-or-review,False,True,False,True,True,False,1181,355,browser-locales
components/settings/task-behavior-tabs.test.ts,browser-locales,review-node,False,False,False,False,False,False,3,8,node
components/settings/terminal-settings.test.ts,browser-locales,retain-full-or-review,False,False,False,True,True,False,1164,12,browser-locales
components/settings/todo-list-panel-settings.test.tsx,browser-locales,retain-full-or-review,False,True,False,True,True,False,1161,636,browser-locales
components/settings/units/units-page.test.tsx,browser-locales,retain-full-or-review,False,True,False,True,True,False,1166,149,browser-locales
components/settings/unread-divider-settings.test.tsx,browser-locales,retain-full-or-review,False,True,False,True,True,False,1162,205,browser-locales
components/settings/use-agent-update-dialog-state.test.ts,browser-locales,review-english-browser,False,True,False,True,False,False,8,211,browser
components/settings/use-runtime-auto-update-policy.test.ts,browser-locales,retain-full-or-review,False,True,False,True,True,False,1155,37,browser-locales
components/settings/use-serialized-mutation-queue.test.ts,browser-locales,review-english-browser,False,True,False,True,False,False,2,27,browser
components/settings/use-settings-breadcrumbs.plugin.test.ts,browser-locales,retain-full-or-review,False,True,False,True,True,False,157,29,browser-locales
components/settings/use-workflow-draft-contributor.test.ts,browser-locales,retain-full-or-review,False,True,False,True,True,False,1159,42,browser-locales
components/settings/utility-agent-dialog.test.tsx,browser-locales,review-english-browser,False,True,False,True,False,False,174,110,browser-locales
components/settings/utility-agent-profile-picker.test.ts,browser-locales,review-english-browser,False,False,False,True,False,False,141,8,browser-locales
components/settings/utility-agents-section-save.test.tsx,browser-locales,retain-full-or-review,False,True,False,True,True,False,1172,319,browser-locales
components/settings/utility-agents-section.test.ts,browser-locales,retain-full-or-review,False,False,False,True,True,False,1172,9,browser-locales
components/settings/utility-sections.test.tsx,browser-locales,retain-full-or-review,False,True,False,True,True,False,1164,58,browser-locales
components/settings/workflow-card-actions-dependency-ordering.test.ts,browser-locales,review-english-browser,False,False,False,True,False,False,24,14,browser
components/settings/workflow-card-actions.test.ts,browser-locales,review-english-browser,False,True,False,True,False,False,24,63,browser
components/settings/workflow-card-dialogs.test.tsx,browser-locales,review-english-browser,False,True,False,True,False,False,2,282,browser
components/settings/workflow-card-header-actions.test.tsx,browser-locales,review-english-browser,False,True,False,True,False,False,22,187,browser
components/settings/workflow-cycle-diagnostic.test.tsx,browser-locales,review-english-browser,False,True,False,True,False,False,201,418,browser-locales
components/settings/workflow-dirty-state.test.ts,browser-locales,review-node,False,False,False,False,False,False,6,7,node
components/settings/workflow-export-dialog.test.tsx,browser-locales,retain-full-or-review,True,True,False,True,True,False,6,363,browser-locales
components/settings/workflow-pipeline-editor-helpers.test.tsx,browser-locales,retain-full-or-review,True,True,False,True,True,False,9,69,browser-locales
components/settings/workflow-pipeline-editor-step-actions.test.tsx,browser-locales,review-english-browser,False,True,False,True,False,False,17,186,browser
components/settings/workflow-prompt-section.test.tsx,browser-locales,review-english-browser,False,True,False,True,False,False,170,157,browser-locales
components/settings/workflow-read-only-actions.test.ts,browser-locales,review-english-browser,False,True,False,True,False,False,26,25,browser-locales
components/settings/workflow-reorder-actions.test.ts,browser-locales,review-english-browser,False,True,False,True,False,False,26,31,browser-locales
components/settings/workflow-session-config-carry-warning.test.tsx,browser-locales,retain-full-or-review,True,True,False,True,True,False,9,70,browser-locales
components/settings/workflow-session-config-editor.test.tsx,browser-locales,retain-full-or-review,False,True,False,True,True,False,1170,1705,browser-locales
components/settings/workflow-session-target-validation.test.ts,browser-locales,review-node,False,False,False,False,False,False,2,7,node
components/settings/workflow-step-agent-profile-selector.test.tsx,browser-locales,review-english-browser,False,True,False,True,False,False,151,794,browser-locales
components/settings/workflow-step-equality.test.ts,browser-locales,review-node,False,False,False,False,False,False,5,6,node
components/settings/workflow-step-prompt-section.test.tsx,browser-locales,review-english-browser,False,True,False,True,False,False,168,59,browser-locales
components/settings/workflow-sync-dialog.test.tsx,browser-locales,retain-full-or-review,False,True,False,True,True,False,24,1146,browser-locales
components/settings/workflow-sync-section.lifetime.test.tsx,browser-locales,retain-full-or-review,False,True,False,True,True,False,171,2543,browser-locales
components/settings/workflow-sync-status-banner.test.tsx,browser-locales,review-english-browser,False,True,False,True,False,False,6,87,browser
components/settings/workflow-synced-badge.test.tsx,browser-locales,review-english-browser,False,True,False,True,False,False,2,108,browser
components/settings/workspace-canvases-page.test.tsx,browser-locales,retain-full-or-review,False,True,False,True,True,False,500,652,browser-locales
components/settings/workspaces/workspace-idle-policy-card.test.tsx,browser-locales,retain-full-or-review,False,True,False,True,True,False,1160,89,browser-locales
components/settings/workspaces/workspace-placement-card.test.tsx,browser-locales,review-english-browser,False,True,False,True,False,False,21,349,browser
components/settings/workspaces/workspace-section-links.test.tsx,browser-locales,review-english-browser,False,True,False,True,False,False,154,190,browser-locales
components/settings/workspaces/workspace-settings-shell.test.tsx,browser-locales,review-english-browser,False,True,False,True,False,False,144,158,browser-locales
components/shared/chat-markdown-motion.test.tsx,browser-locales,retain-full-or-review,False,True,False,True,True,False,250,131,browser-locales
components/shared/file-status-icon.test.tsx,browser-locales,review-english-browser,False,True,False,True,False,False,8,82,browser
components/shared/file-tree.test.tsx,browser-locales,review-english-browser,False,True,False,True,False,False,9,183,browser
components/shared/markdown-components.test.tsx,browser-locales,retain-full-or-review,False,True,False,True,True,False,250,267,browser-locales
components/shared/markdown-math-renderers.test.tsx,browser-locales,retain-full-or-review,False,True,False,True,True,False,316,118,browser-locales
components/shared/memoized-markdown.test.tsx,browser-locales,retain-full-or-review,False,True,False,True,True,False,250,281,browser-locales
components/shared/mermaid-block-hooks.test.ts,browser-locales,review-english-browser,False,True,False,True,False,False,3,49,browser
components/shared/mermaid-block-streaming.test.tsx,browser-locales,review-english-browser,False,True,False,True,False,False,20,126,browser
components/shared/mermaid-block.test.tsx,browser-locales,review-english-browser,False,True,False,True,False,False,20,29,browser
components/shared/mermaid-error-toast.test.tsx,browser-locales,review-english-browser,False,True,False,True,False,False,17,31,browser
components/shared/mermaid-utils.test.ts,browser-locales,review-english-browser,False,True,False,True,False,False,2,47,browser
components/shared/task-markdown-file-link-provider.test.tsx,browser-locales,retain-full-or-review,False,True,False,True,True,False,284,41,browser-locales
components/shared/use-markdown-table-resize.test.ts,browser-locales,review-english-browser,False,True,False,True,False,False,3,67,browser
components/state-provider.test.tsx,browser-locales,review-english-browser,False,True,False,True,False,False,133,92,browser-locales
components/system-disk-usage-query-bridge.test.tsx,browser-locales,review-english-browser,False,True,False,True,False,False,148,854,browser-locales
components/system-health/health-indicator.test.tsx,browser-locales,review-english-browser,False,True,False,True,False,False,137,110,browser-locales
components/system-metrics/status-surface-metrics.test.tsx,browser-locales,review-english-browser,False,True,False,True,False,False,138,331,browser-locales
components/system-metrics/topbar-metrics.test.tsx,browser-locales,review-english-browser,False,True,False,True,False,False,139,126,browser-locales
components/task-autopilot-toggle.test.tsx,browser-locales,review-english-browser,False,True,False,True,False,False,7,125,browser
components/task-command-choices.test.tsx,browser-locales,retain-full-or-review,False,True,False,True,True,False,201,25,browser-locales
components/task-command-task.test.ts,browser-locales,review-node,False,False,False,False,False,False,4,7,node
components/task-commands.test.tsx,browser-locales,review-english-browser,False,False,False,True,False,False,5,19,browser
components/task-create-dialog-advanced-settings.test.tsx,browser-locales,retain-full-or-review,False,True,False,True,True,False,367,376,browser-locales
components/task-create-dialog-branch-utils.test.ts,browser-locales,retain-full-or-review,True,False,False,True,True,False,4,19,browser-locales
components/task-create-dialog-checkout-options.test.ts,browser-locales,retain-full-or-review,False,False,False,True,True,False,77,7,browser-locales
components/task-create-dialog-computed.test.ts,browser-locales,retain-full-or-review,False,False,False,True,True,False,199,12,browser-locales
components/task-create-dialog-defaults.test.ts,browser-locales,retain-full-or-review,False,False,False,True,True,False,76,11,browser-locales
components/task-create-dialog-dependencies.test.tsx,browser-locales,review-english-browser,False,True,False,True,False,False,156,430,browser-locales
components/task-create-dialog-dependency-search.test.ts,browser-locales,review-node,False,False,False,False,False,False,3,11,node
components/task-create-dialog-effects-executor.test.ts,browser-locales,retain-full-or-review,False,True,False,True,True,False,40,671,browser-locales
components/task-create-dialog-effects.test.ts,browser-locales,retain-full-or-review,False,True,False,True,True,False,42,488,browser-locales
components/task-create-dialog-executor-wait.test.ts,browser-locales,retain-full-or-review,False,False,False,True,True,False,40,7,browser-locales
components/task-create-dialog-footer.test.ts,browser-locales,review-english-browser,False,False,False,True,False,False,7,20,browser
components/task-create-dialog-form-body.test.tsx,browser-locales,retain-full-or-review,False,True,False,True,True,False,365,106,browser-locales
components/task-create-dialog-form-reset.test.ts,browser-locales,review-node,False,False,False,False,False,False,2,10,node
components/task-create-dialog-fresh-branch-consent.test.tsx,browser-locales,review-english-browser,False,True,False,True,False,False,43,72,browser-locales
components/task-create-dialog-github-url-error-effect.test.ts,browser-locales,retain-full-or-review,False,True,False,True,True,False,40,30,browser-locales
components/task-create-dialog-handlers.test.ts,browser-locales,review-english-browser,False,True,False,True,False,False,4,71,browser
components/task-create-dialog-helpers-saved-base.test.ts,browser-locales,retain-full-or-review,False,False,False,True,True,False,75,6,browser-locales
components/task-create-dialog-helpers.multi-repo.test.ts,browser-locales,retain-full-or-review,False,False,False,True,True,False,75,18,browser-locales
components/task-create-dialog-helpers.test.ts,browser-locales,retain-full-or-review,False,True,False,True,True,False,181,42,browser-locales
components/task-create-dialog-launch-preview.test.ts,browser-locales,review-node,False,False,False,False,False,False,2,13,node
components/task-create-dialog-multi-repo-guard.test.ts,browser-locales,review-english-browser,False,False,False,True,False,False,4,11,browser
components/task-create-dialog-options.test.tsx,browser-locales,review-english-browser,False,True,False,True,False,False,167,116,browser-locales
components/task-create-dialog-pill.test.tsx,browser-locales,review-english-browser,False,True,False,True,False,False,14,379,browser
components/task-create-dialog-priority-select.test.tsx,browser-locales,review-english-browser,False,True,False,True,False,False,5,218,browser
components/task-create-dialog-prop-builders.test.ts,browser-locales,retain-full-or-review,False,False,False,True,True,False,77,9,browser-locales
components/task-create-dialog-remote-repo-chip-label.test.ts,browser-locales,retain-full-or-review,False,False,False,True,True,False,48,8,browser-locales
components/task-create-dialog-remote-repo-chip-plugin-icon.test.tsx,browser-locales,retain-full-or-review,False,True,False,True,True,False,49,84,browser-locales
components/task-create-dialog-remote-repo-chip-url.test.tsx,browser-locales,retain-full-or-review,False,True,False,True,True,False,48,455,browser-locales
components/task-create-dialog-remote-repo-chip.branch.test.tsx,browser-locales,retain-full-or-review,False,True,False,True,True,False,48,187,browser-locales
components/task-create-dialog-remote-repo-chip.test.tsx,browser-locales,retain-full-or-review,False,True,False,True,True,False,49,1010,browser-locales
components/task-create-dialog-remote-repo-chips.provider-refresh.test.tsx,browser-locales,retain-full-or-review,False,True,False,True,True,False,181,516,browser-locales
components/task-create-dialog-remote-repo-chips.test.tsx,browser-locales,retain-full-or-review,False,True,False,True,True,False,180,159,browser-locales
components/task-create-dialog-remote-repo-identity.test.ts,browser-locales,review-node,False,False,False,False,False,False,2,16,node
components/task-create-dialog-remote-repo-provider-tabs.test.tsx,browser-locales,retain-full-or-review,False,True,False,True,True,False,48,326,browser-locales
components/task-create-dialog-repo-chips.test.tsx,browser-locales,retain-full-or-review,False,True,False,True,True,False,247,1243,browser-locales
components/task-create-dialog-repository-autopick.test.ts,browser-locales,review-english-browser,False,True,False,True,False,False,5,257,browser
components/task-create-dialog-repository-sets-control.test.tsx,browser-locales,review-english-browser,False,True,False,True,False,False,9,278,browser
components/task-create-dialog-repository-sets-save.test.tsx,browser-locales,review-english-browser,False,True,False,True,False,False,158,379,browser-locales
components/task-create-dialog-repository-sets.test.ts,browser-locales,review-node,False,False,False,False,False,False,3,19,node
components/task-create-dialog-reset-effects.test.ts,browser-locales,retain-full-or-review,False,True,False,True,True,False,222,41,browser-locales
components/task-create-dialog-save-retry.test.tsx,browser-locales,retain-full-or-review,False,True,False,True,True,False,483,3814,browser-locales
components/task-create-dialog-selectors-attachment-lifecycle.test.tsx,browser-locales,retain-full-or-review,False,True,False,True,True,False,353,309,browser-locales
components/task-create-dialog-selectors.test.tsx,browser-locales,retain-full-or-review,False,True,False,True,True,False,352,480,browser-locales
components/task-create-dialog-setup.test.ts,browser-locales,retain-full-or-review,False,True,False,True,True,False,248,85,browser-locales
components/task-create-dialog-state-seeded-executor.test.ts,browser-locales,retain-full-or-review,False,True,False,True,True,False,222,40,browser-locales
components/task-create-dialog-state.test.ts,browser-locales,retain-full-or-review,False,True,False,True,True,False,222,83,browser-locales
components/task-create-dialog-submit.test.tsx,browser-locales,retain-full-or-review,False,True,False,True,True,False,201,112,browser-locales
components/task-create-dialog-task-created.test.ts,browser-locales,review-english-browser,False,False,False,True,False,False,2,10,browser
components/task-create-dialog-workflow-agent-effect.test.ts,browser-locales,retain-full-or-review,False,True,False,True,True,False,40,52,browser-locales
components/task-create-dialog-workflow-agent-override-validation.test.ts,browser-locales,review-english-browser,False,False,False,True,False,False,5,8,browser
components/task-create-dialog-workflow-agent-overrides.test.ts,browser-locales,review-node,False,False,False,False,False,False,2,8,node
components/task-create-dialog-workspace-repo-chips.test.tsx,browser-locales,retain-full-or-review,False,True,False,True,True,False,203,1683,browser-locales
components/task-create-dialog.test.tsx,browser-locales,retain-full-or-review,False,True,False,True,True,False,481,420,browser-locales
components/task-edit-dialog-dependencies.test.tsx,browser-locales,review-english-browser,False,True,False,True,False,False,158,169,browser-locales
components/task-preview-panel-step-indicator.test.tsx,browser-locales,retain-full-or-review,False,True,False,True,True,False,1188,931,browser-locales
components/task-preview-panel.test.tsx,browser-locales,retain-full-or-review,False,True,False,True,True,False,1188,4829,browser-locales
components/task-prompt-reference-editor.test.tsx,browser-locales,retain-full-or-review,False,True,False,True,True,False,288,473,browser-locales
components/task/DockviewLayout.test.tsx,browser-locales,retain-full-or-review,False,True,False,True,True,False,1455,43,browser-locales
components/task/TaskBody.test.tsx,browser-locales,review-english-browser,False,True,False,True,False,False,2,37,browser
components/task/TaskHeader.test.tsx,browser-locales,review-english-browser,False,True,False,True,False,False,2,80,browser
components/task/TaskMetaRail.test.tsx,browser-locales,review-english-browser,False,True,False,True,False,False,2,33,browser
components/task/__tests__/use-tab-maximize.test.ts,browser-locales,retain-full-or-review,False,True,False,True,True,False,61,24,browser-locales
components/task/add-workspace-sources/add-workspace-sources-availability.test.ts,browser-locales,review-english-browser,False,False,False,True,False,False,4,9,browser
components/task/add-workspace-sources/add-workspace-sources-dialog.test.tsx,browser-locales,retain-full-or-review,False,True,False,True,True,False,253,2443,browser-locales
components/task/add-workspace-sources/saved-repository-source-row.test.tsx,browser-locales,retain-full-or-review,False,True,False,True,True,False,222,50,browser-locales
components/task/agent-mcp-prepare-actions.test.tsx,browser-locales,retain-full-or-review,False,True,False,True,True,False,184,115,browser-locales
components/task/branch-picker-list.test.tsx,browser-locales,review-english-browser,False,True,False,True,False,False,9,79,browser
components/task/browser-panel.test.tsx,browser-locales,review-english-browser,False,True,False,True,False,False,153,192,browser-locales
components/task/change-workflow-dialog.test.tsx,browser-locales,review-english-browser,False,True,False,True,False,False,192,1323,browser-locales
components/task/changes-file-tree-model.test.ts,browser-locales,review-node,False,False,False,False,False,False,2,29,node
components/task/changes-git-credential-display.test.ts,browser-locales,review-english-browser,False,False,False,True,False,False,4,11,browser
components/task/changes-inline-commit-state-owner.test.tsx,browser-locales,review-english-browser,False,True,False,True,False,False,2,24,browser
components/task/changes-inline-commit-state.test.ts,browser-locales,review-english-browser,False,False,False,True,False,False,2,79,browser
components/task/changes-panel-body-context.test.tsx,browser-locales,retain-full-or-review,False,True,False,True,True,False,235,730,browser-locales
components/task/changes-panel-dialogs.test.tsx,browser-locales,review-english-browser,False,True,False,True,False,False,8,96,browser
components/task/changes-panel-file-row.test.tsx,browser-locales,review-english-browser,False,True,False,True,False,False,27,913,browser-locales
components/task/changes-panel-focus.test.ts,browser-locales,retain-full-or-review,False,False,False,True,True,False,178,16,browser-locales
components/task/changes-panel-git-status.test.ts,browser-locales,review-english-browser,False,False,False,True,False,False,137,14,browser-locales
components/task/changes-panel-header.test.tsx,browser-locales,review-english-browser,False,True,False,True,False,False,189,113,browser-locales
components/task/changes-panel-helpers.test.ts,browser-locales,review-english-browser,False,False,False,True,False,False,7,23,browser
components/task/changes-panel-hooks.test.ts,browser-locales,retain-full-or-review,True,False,False,True,True,False,143,15,browser-locales
components/task/changes-panel-pr-files.test.tsx,browser-locales,retain-full-or-review,False,True,False,True,True,False,65,86,browser-locales
components/task/changes-panel-refresh-status.test.tsx,browser-locales,review-english-browser,False,True,False,True,False,False,2,205,browser
components/task/changes-panel-remote.test.ts,browser-locales,retain-full-or-review,False,False,False,True,True,False,344,13,browser-locales
components/task/changes-panel-timeline-grouping.test.tsx,browser-locales,retain-full-or-review,False,True,False,True,True,False,207,108,browser-locales
components/task/changes-panel-timeline-history.test.tsx,browser-locales,retain-full-or-review,False,True,False,True,True,False,214,24,browser-locales
components/task/changes-panel-tree.test.tsx,browser-locales,review-english-browser,False,True,False,True,False,False,2,42,browser
components/task/changes-panel.test.ts,browser-locales,retain-full-or-review,False,False,False,True,True,False,344,14,browser-locales
components/task/changes-timeline-history-row.test.tsx,browser-locales,retain-full-or-review,False,True,False,True,True,False,215,191,browser-locales
components/task/changes-timeline-interaction.test.ts,browser-locales,review-english-browser,False,True,False,True,False,False,2,10,browser
components/task/changes-timeline-interaction.test.tsx,browser-locales,review-english-browser,False,True,False,True,False,False,6,244,browser
components/task/changes-timeline-measurement.test.ts,browser-locales,review-english-browser,False,True,False,True,False,False,3,45,browser
components/task/changes-timeline-model.test.ts,browser-locales,review-english-browser,False,False,False,True,False,False,6,599,browser
components/task/changes-timeline-selection.test.ts,browser-locales,review-node,False,False,False,False,False,False,2,39,node
components/task/changes-timeline-viewport.test.tsx,browser-locales,review-english-browser,False,True,False,True,False,False,11,983,browser-locales
components/task/changes-timeline-working-tree.test.tsx,browser-locales,retain-full-or-review,False,True,False,True,True,False,216,263,browser-locales
components/task/chat-context-items.test.ts,browser-locales,review-english-browser,False,False,False,True,False,False,5,21,browser
components/task/chat/__evals__/render-cost.test.tsx,browser-locales,retain-full-or-review,False,True,False,True,True,False,251,87,browser-locales
components/task/chat/agent-goal-chip.responsive.test.tsx,browser-locales,review-english-browser,False,True,False,True,False,False,8,60,browser
components/task/chat/agent-goal-chip.test.tsx,browser-locales,review-english-browser,False,True,False,True,False,False,8,211,browser
components/task/chat/anchored-last-prompt-bar.reactivity.test.tsx,browser-locales,retain-full-or-review,False,True,False,True,True,False,290,210,browser-locales
components/task/chat/anchored-last-prompt-bar.test.tsx,browser-locales,retain-full-or-review,False,True,False,True,True,False,290,596,browser-locales
components/task/chat/auto-scroll-toggle-button.test.tsx,browser-locales,review-english-browser,False,True,False,True,False,False,136,103,browser-locales
components/task/chat/automatic-recovery-presentation.test.tsx,browser-locales,retain-full-or-review,False,True,False,True,True,False,478,111,browser-locales
components/task/chat/background-work/background-work.test.tsx,browser-locales,retain-full-or-review,False,True,False,True,True,False,184,194,browser-locales
components/task/chat/chat-input-area-context-submission.test.tsx,browser-locales,retain-full-or-review,False,True,False,True,True,False,933,2967,browser-locales
components/task/chat/chat-input-area-preview-feedback.test.ts,browser-locales,retain-full-or-review,False,False,False,True,True,False,838,6,browser-locales
components/task/chat/chat-input-area-transform-outgoing.test.tsx,browser-locales,retain-full-or-review,False,True,False,True,True,False,838,31,browser-locales
components/task/chat/chat-input-area.test.ts,browser-locales,retain-full-or-review,False,False,False,True,True,False,838,10,browser-locales
components/task/chat/chat-input-area.test.tsx,browser-locales,retain-full-or-review,False,True,False,True,True,False,839,191,browser-locales
components/task/chat/chat-input-body.test.tsx,browser-locales,retain-full-or-review,False,True,False,True,True,False,571,212,browser-locales
components/task/chat/chat-input-container.test.tsx,browser-locales,retain-full-or-review,False,True,False,True,True,False,667,31,browser-locales
components/task/chat/chat-input-draft-ownership.test.tsx,browser-locales,retain-full-or-review,False,True,False,True,True,False,668,1021,browser-locales
components/task/chat/chat-input-plugin-actions.test.tsx,browser-locales,retain-full-or-review,False,True,False,True,True,False,145,38,browser-locales
components/task/chat/chat-input-toolbar-composer.test.tsx,browser-locales,retain-full-or-review,False,True,False,True,True,False,534,186,browser-locales
components/task/chat/chat-input-toolbar.test.tsx,browser-locales,retain-full-or-review,False,True,False,True,True,False,534,533,browser-locales
components/task/chat/chat-motion.test.tsx,browser-locales,review-english-browser,False,True,False,True,False,False,136,28,browser-locales
components/task/chat/chat-scroll-motion.test.ts,browser-locales,review-english-browser,False,True,False,True,False,False,2,27,browser
components/task/chat/chat-status-bar.test.tsx,browser-locales,retain-full-or-review,False,True,False,True,True,False,449,61,browser-locales
components/task/chat/chat-submit-plugin-decoration.test.tsx,browser-locales,retain-full-or-review,False,True,False,True,True,False,145,39,browser-locales
components/task/chat/clamped-scroll-restore.test.ts,browser-locales,review-node,False,False,False,False,False,False,2,6,node
components/task/chat/clarification-custom-input.test.tsx,browser-locales,review-english-browser,False,True,False,True,False,False,13,131,browser
components/task/chat/clarification-input-overlay.test.tsx,browser-locales,review-english-browser,False,True,False,True,False,False,148,1557,browser-locales
components/task/chat/clarification-markdown.test.tsx,browser-locales,review-english-browser,False,True,False,True,False,False,7,96,browser
components/task/chat/clarification-panel-section.test.tsx,browser-locales,retain-full-or-review,True,True,False,True,True,False,152,708,browser-locales
components/task/chat/clipboard-attachments.test.ts,browser-locales,review-node,False,False,False,False,False,False,2,11,browser
components/task/chat/composer-agent-start-hint.test.tsx,browser-locales,review-english-browser,False,True,False,True,False,False,2,54,browser
components/task/chat/composer-disclosure.test.tsx,browser-locales,review-english-browser,False,True,False,True,False,False,8,123,browser
components/task/chat/composer-workspace.test.ts,browser-locales,review-node,False,False,False,False,False,False,2,14,node
components/task/chat/context-items/context-chip.test.tsx,browser-locales,review-english-browser,False,True,False,True,False,False,4,91,browser
components/task/chat/context-items/file-item.test.tsx,browser-locales,review-english-browser,False,True,False,True,False,False,8,42,browser
components/task/chat/conversation-usage-display.test.tsx,browser-locales,review-english-browser,False,True,False,True,False,False,141,176,browser-locales
components/task/chat/dynamic-route-recovery.test.tsx,browser-locales,retain-full-or-review,False,True,False,True,True,False,147,85,browser-locales
components/task/chat/entity-reference-chip.test.tsx,browser-locales,retain-full-or-review,False,True,False,True,True,False,249,39,browser-locales
components/task/chat/entity-reference-menu.test.tsx,browser-locales,review-english-browser,False,True,False,True,False,False,10,89,browser
components/task/chat/file-attachment.test.ts,browser-locales,review-english-browser,False,False,False,True,False,False,8,9,browser
components/task/chat/implement-plan-button.test.tsx,browser-locales,review-english-browser,False,True,False,True,False,False,2,41,browser
components/task/chat/jump-to-latest-button.test.tsx,browser-locales,review-english-browser,False,True,False,True,False,False,8,73,browser
components/task/chat/managed-runtime-startup-recovery.test.tsx,browser-locales,retain-full-or-review,False,True,False,True,True,False,480,230,browser-locales
components/task/chat/mcp-explorer/mcp-explorer-view-model.test.ts,browser-locales,review-node,False,False,False,False,False,False,2,10,node
components/task/chat/mcp-explorer/mcp-server-explorer.test.tsx,browser-locales,review-english-browser,False,True,False,True,False,False,17,450,browser
components/task/chat/message-history-search.test.ts,browser-locales,review-english-browser,False,True,False,True,False,False,11,89,browser
components/task/chat/message-history.test.ts,browser-locales,review-english-browser,False,False,False,True,False,False,4,17,browser
components/task/chat/message-list-footer.test.tsx,browser-locales,retain-full-or-review,False,True,False,True,True,False,616,49,browser-locales
components/task/chat/message-list-native-scroll.test.ts,browser-locales,retain-full-or-review,False,False,False,True,True,False,619,6,browser-locales
components/task/chat/message-list-native.test.tsx,browser-locales,retain-full-or-review,False,True,False,True,True,False,629,365,browser-locales
components/task/chat/message-list-shared.test.tsx,browser-locales,retain-full-or-review,False,True,False,True,True,False,611,103,browser-locales
components/task/chat/message-list.test.tsx,browser-locales,retain-full-or-review,False,True,False,True,True,False,630,28,browser-locales
components/task/chat/message-renderer.test.ts,browser-locales,retain-full-or-review,False,False,False,True,True,False,599,6,browser-locales
components/task/chat/message-renderer.test.tsx,browser-locales,retain-full-or-review,False,True,False,True,True,False,599,195,browser-locales
components/task/chat/messages/action-message-actions.test.tsx,browser-locales,retain-full-or-review,False,True,False,True,True,False,239,137,browser-locales
components/task/chat/messages/action-message-recovery.test.tsx,browser-locales,retain-full-or-review,True,True,False,True,True,False,306,702,browser-locales
components/task/chat/messages/action-message.test.tsx,browser-locales,retain-full-or-review,False,True,False,True,True,False,306,570,browser-locales
components/task/chat/messages/agent-error-label.test.ts,browser-locales,review-node,False,False,False,False,False,False,2,7,node
components/task/chat/messages/agent-status.test.ts,browser-locales,review-english-browser,False,False,False,True,False,False,141,9,browser-locales
components/task/chat/messages/chat-message.test.tsx,browser-locales,retain-full-or-review,True,True,False,True,True,False,406,1204,browser-locales
components/task/chat/messages/clarification-request-message.test.tsx,browser-locales,review-english-browser,False,True,False,True,False,False,149,277,browser-locales
components/task/chat/messages/code-block.test.tsx,browser-locales,review-english-browser,False,True,False,True,False,False,44,339,browser-locales
components/task/chat/messages/diff-view-block.test.tsx,browser-locales,retain-full-or-review,False,True,False,True,True,False,346,661,browser-locales
components/task/chat/messages/inline-code.test.tsx,browser-locales,review-english-browser,False,True,False,True,False,False,9,92,browser
components/task/chat/messages/interruption-recovery-feedback.test.ts,browser-locales,review-node,False,False,False,False,False,False,2,8,node
components/task/chat/messages/kandev-tool-message-csv.test.tsx,browser-locales,retain-full-or-review,False,True,False,True,True,False,303,23,browser-locales
components/task/chat/messages/kandev-tool-message.test.tsx,browser-locales,retain-full-or-review,False,True,False,True,True,False,303,162,browser-locales
components/task/chat/messages/kandev/ask-user-question-renderer.test.tsx,browser-locales,review-english-browser,False,True,False,True,False,False,13,99,browser
components/task/chat/messages/kandev/document-renderers.test.tsx,browser-locales,retain-full-or-review,False,True,False,True,True,False,252,62,browser-locales
components/task/chat/messages/kandev/parse.test.ts,browser-locales,review-node,False,False,False,False,False,False,2,15,node
components/task/chat/messages/kandev/propose-task-renderer.test.tsx,browser-locales,review-english-browser,False,True,False,True,False,False,51,112,browser-locales
components/task/chat/messages/kandev/registry.test.ts,browser-locales,retain-full-or-review,False,False,False,True,True,False,296,6,browser-locales
components/task/chat/messages/kandev/rich-output/chart-block.test.tsx,browser-locales,review-english-browser,False,True,False,True,False,False,137,82,browser-locales
components/task/chat/messages/kandev/rich-output/chart-format.test.ts,browser-locales,review-node,False,False,False,False,False,False,2,8,browser-locales
components/task/chat/messages/kandev/rich-output/chart-motion.test.tsx,browser-locales,review-english-browser,False,True,False,True,False,False,134,22,browser-locales
components/task/chat/messages/kandev/rich-output/parse.test.ts,browser-locales,review-node,False,False,False,False,False,False,2,18,node
components/task/chat/messages/kandev/rich-output/rich-output-renderer-file-targets.test.tsx,browser-locales,review-english-browser,False,True,False,True,False,False,149,276,browser-locales
components/task/chat/messages/kandev/rich-output/rich-output-renderer.test.tsx,browser-locales,review-english-browser,False,True,False,True,False,False,149,28,browser-locales
components/task/chat/messages/message-actions.test.tsx,browser-locales,review-english-browser,False,True,False,True,False,False,147,403,browser-locales
components/task/chat/messages/message-comment-surface.test.tsx,browser-locales,review-english-browser,False,True,False,True,False,False,174,294,browser-locales
components/task/chat/messages/message-debug-metadata.test.ts,browser-locales,review-node,False,False,False,False,False,False,2,7,node
components/task/chat/messages/message-session-config.test.ts,browser-locales,review-node,False,False,False,False,False,False,2,8,node
components/task/chat/messages/monitor-message.test.tsx,browser-locales,review-english-browser,False,True,False,True,False,False,15,41,browser
components/task/chat/messages/permission-action-row.test.tsx,browser-locales,review-english-browser,False,True,False,True,False,False,3,71,browser
components/task/chat/messages/permission-action-summary.test.ts,browser-locales,review-node,False,False,False,False,False,False,2,7,node
components/task/chat/messages/prompt-mention-components.round2.test.tsx,browser-locales,retain-full-or-review,False,True,False,True,True,False,254,143,browser-locales
components/task/chat/messages/review-comments-attachment.test.tsx,browser-locales,review-english-browser,False,True,False,True,False,False,9,107,browser
components/task/chat/messages/sender-task-badge.test.tsx,browser-locales,review-english-browser,False,True,False,True,False,False,147,147,browser-locales
components/task/chat/messages/status-message.test.tsx,browser-locales,review-english-browser,False,True,False,True,False,False,11,134,browser
components/task/chat/messages/subagent-meta.test.ts,browser-locales,review-english-browser,False,False,False,True,False,False,5,14,browser
components/task/chat/messages/thinking-message.test.tsx,browser-locales,retain-full-or-review,False,True,False,True,True,False,257,133,browser-locales
components/task/chat/messages/todo-message.test.tsx,browser-locales,review-english-browser,False,True,False,True,False,False,11,93,browser
components/task/chat/messages/tool-edit-message.test.tsx,browser-locales,retain-full-or-review,False,True,False,True,True,False,350,32,browser-locales
components/task/chat/messages/tool-execute-message.test.tsx,browser-locales,review-english-browser,False,True,False,True,False,False,29,269,browser-locales
components/task/chat/messages/tool-read-message.test.tsx,browser-locales,retain-full-or-review,False,True,False,True,True,False,222,123,browser-locales
components/task/chat/messages/tool-search-message.test.tsx,browser-locales,review-english-browser,False,True,False,True,False,False,11,36,browser
components/task/chat/messages/tool-subagent-message.test.tsx,browser-locales,review-english-browser,False,True,False,True,False,False,16,256,browser
components/task/chat/messages/transient-retry.test.ts,browser-locales,review-node,False,False,False,False,False,False,2,5,node
components/task/chat/messages/turn-group-message.test.tsx,browser-locales,retain-full-or-review,False,True,False,True,True,False,600,72,browser-locales
components/task/chat/messages/use-permission-handlers.test.ts,browser-locales,review-english-browser,False,True,False,True,False,False,14,77,browser
components/task/chat/messages/user-message-body-coordinator-prefix.test.tsx,browser-locales,retain-full-or-review,False,True,False,True,True,False,257,247,browser-locales
components/task/chat/messages/user-message-body.test.tsx,browser-locales,retain-full-or-review,False,True,False,True,True,False,257,402,browser-locales
components/task/chat/messages/workflow-step-message-badge.test.tsx,browser-locales,review-english-browser,False,True,False,True,False,False,7,65,browser
components/task/chat/popup-menu.test.tsx,browser-locales,review-english-browser,False,True,False,True,False,False,8,197,browser
components/task/chat/pr-archive-banners.test.tsx,browser-locales,retain-full-or-review,False,True,False,True,True,False,246,685,browser-locales
components/task/chat/queued-ghost-list.test.tsx,browser-locales,retain-full-or-review,False,True,False,True,True,False,288,1589,browser-locales
components/task/chat/queued-ghost-message-overflow.test.tsx,browser-locales,retain-full-or-review,False,True,False,True,True,False,277,639,browser-locales
components/task/chat/queued-ghost-message.test.tsx,browser-locales,retain-full-or-review,False,True,False,True,True,False,277,1411,browser-locales
components/task/chat/queued-ghost-panel-header.test.tsx,browser-locales,review-english-browser,False,True,False,True,False,False,8,144,browser
components/task/chat/queued-ghost-pin.test.tsx,browser-locales,retain-full-or-review,False,True,False,True,True,False,287,507,browser-locales
components/task/chat/reset-context-button.test.tsx,browser-locales,review-english-browser,False,True,False,True,False,False,143,772,browser-locales
components/task/chat/route-panel-mouse-down.test.ts,browser-locales,review-english-browser,False,False,False,True,False,False,2,9,browser
components/task/chat/scroll-to-last-prompt-button.test.tsx,browser-locales,review-english-browser,False,True,False,True,False,False,8,112,browser
components/task/chat/session-bootstrap-recovery-card.test.tsx,browser-locales,retain-full-or-review,False,True,False,True,True,False,418,300,browser-locales
components/task/chat/session-bootstrap-recovery-model.test.ts,browser-locales,review-english-browser,False,False,False,True,False,False,15,16,browser
components/task/chat/session-entry-feedback.test.tsx,browser-locales,review-english-browser,False,True,False,True,False,False,9,62,browser
components/task/chat/session-recovery-card-details.test.tsx,browser-locales,retain-full-or-review,False,True,False,True,True,False,473,88,browser-locales
components/task/chat/session-recovery-card-inspection-retry.test.tsx,browser-locales,retain-full-or-review,False,True,False,True,True,False,473,219,browser-locales
components/task/chat/session-recovery-card-workspace-recovery.test.tsx,browser-locales,retain-full-or-review,False,True,False,True,True,False,478,282,browser-locales
components/task/chat/session-recovery-card.test.tsx,browser-locales,retain-full-or-review,False,True,False,True,True,False,487,381,browser-locales
components/task/chat/session-recovery-color.test.tsx,browser-locales,retain-full-or-review,False,True,False,True,True,False,473,174,browser-locales
components/task/chat/session-recovery-model.test.ts,browser-locales,retain-full-or-review,False,False,False,True,True,False,270,10,browser-locales
components/task/chat/session-stopped-banner.test.tsx,browser-locales,retain-full-or-review,False,True,False,True,True,False,406,361,browser-locales
components/task/chat/slash-command-menu.test.tsx,browser-locales,review-english-browser,False,True,False,True,False,False,9,97,browser
components/task/chat/slash-command-types.test.ts,browser-locales,review-node,False,False,False,False,False,False,3,7,node
components/task/chat/stopped-banner-props.test.ts,browser-locales,retain-full-or-review,False,True,False,True,True,False,668,18,browser-locales
components/task/chat/suggestion-menu-state.test.ts,browser-locales,review-node,False,False,False,False,False,False,2,5,node
components/task/chat/task-autopilot-chat-chip.test.tsx,browser-locales,review-english-browser,False,True,False,True,False,False,134,21,browser-locales
components/task/chat/task-mention-items.test.ts,browser-locales,review-english-browser,False,False,False,True,False,False,4,16,browser
components/task/chat/tiptap-editor-history.test.ts,browser-locales,review-english-browser,False,False,False,True,False,False,11,8,browser
components/task/chat/tiptap-entity-reference-extension.test.ts,browser-locales,review-english-browser,False,False,False,True,False,False,4,5,browser
components/task/chat/tiptap-helpers.test.ts,browser-locales,review-english-browser,False,False,False,True,False,False,6,65,browser
components/task/chat/tiptap-input-file-search-ownership.test.tsx,browser-locales,retain-full-or-review,False,True,False,True,True,False,294,1359,browser-locales
components/task/chat/tiptap-slash-command-extension.test.ts,browser-locales,review-english-browser,False,True,False,True,False,False,3,10,browser
components/task/chat/tiptap-suggestion.test.ts,browser-locales,review-english-browser,False,False,False,True,False,False,9,22,browser
components/task/chat/todo-indicator.test.tsx,browser-locales,review-english-browser,False,True,False,True,False,False,9,62,browser
components/task/chat/token-usage-display.test.tsx,browser-locales,review-english-browser,False,True,False,True,False,False,138,142,browser-locales
components/task/chat/transcript-auto-scroll.test.ts,browser-locales,review-english-browser,False,True,False,True,False,False,2,32,browser
components/task/chat/transcript-viewport-resize.test.ts,browser-locales,review-english-browser,False,True,False,True,False,False,2,32,browser
components/task/chat/types.test.ts,browser-locales,review-node,False,False,False,False,False,False,6,10,node
components/task/chat/use-chat-input-container.test.ts,browser-locales,review-english-browser,False,True,False,True,False,False,32,141,browser-locales
components/task/chat/use-chat-input-state-accepted-payload.test.ts,browser-locales,review-english-browser,False,True,False,True,False,False,28,63,browser-locales
components/task/chat/use-chat-input-state.test.ts,browser-locales,review-english-browser,False,True,False,True,False,False,28,598,browser-locales
components/task/chat/use-chat-scroll-motion.test.tsx,browser-locales,review-english-browser,False,True,False,True,False,False,3,29,browser
components/task/chat/use-composer-agent-start-hint.test.ts,browser-locales,review-english-browser,False,True,False,True,False,False,137,29,browser-locales
components/task/chat/use-composer-disclosure.test.ts,browser-locales,review-english-browser,False,True,False,True,False,False,2,42,browser
components/task/chat/use-composer-props.test.tsx,browser-locales,review-english-browser,False,True,False,True,False,False,2,20,browser
components/task/chat/use-drain-older-messages.test.ts,browser-locales,review-english-browser,False,True,False,True,False,False,159,463,browser-locales
components/task/chat/use-entity-reference-composer.test.ts,browser-locales,review-english-browser,False,True,False,True,False,False,17,31,browser
components/task/chat/use-session-read-tracking.test.ts,browser-locales,review-english-browser,False,True,False,True,False,False,139,182,browser-locales
components/task/chat/use-suggestion-escape-fallback.test.ts,browser-locales,review-english-browser,False,True,False,True,False,False,3,41,browser
components/task/chat/use-tiptap-editor.test.ts,browser-locales,retain-full-or-review,False,True,False,True,True,False,241,49,browser-locales
components/task/close-terminal-confirm-popover.test.tsx,browser-locales,review-english-browser,False,True,False,True,False,False,8,155,browser
components/task/commit-detail-content.test.tsx,browser-locales,retain-full-or-review,False,True,False,True,True,False,350,264,browser-locales
components/task/commit-detail-panel.test.tsx,browser-locales,retain-full-or-review,False,True,False,True,True,False,358,73,browser-locales
components/task/commit-detail-request.test.ts,browser-locales,review-english-browser,False,False,False,True,False,False,7,12,browser
components/task/commit-file-toolbar.test.tsx,browser-locales,review-english-browser,False,True,False,True,False,False,164,234,browser-locales
components/task/commit-row-files.test.tsx,browser-locales,review-english-browser,False,True,False,True,False,False,157,137,browser-locales
components/task/commit-row.test.tsx,browser-locales,review-english-browser,False,True,False,True,False,False,160,134,browser-locales
components/task/dev-server-preview-button.test.tsx,browser-locales,retain-full-or-review,False,True,False,True,True,False,202,108,browser-locales
components/task/dockview-add-panel-items.test.tsx,browser-locales,retain-full-or-review,False,True,False,True,True,False,336,1780,browser-locales
components/task/dockview-canvas-activation.test.tsx,browser-locales,retain-full-or-review,False,True,False,True,True,False,186,424,browser-locales
components/task/dockview-desktop-layout.env-switch.test.tsx,browser-locales,retain-full-or-review,False,True,False,True,True,False,1808,40,browser-locales
components/task/dockview-desktop-layout.test.ts,browser-locales,retain-full-or-review,False,False,False,True,True,False,1808,16,browser-locales
components/task/dockview-group-actions.test.tsx,browser-locales,review-english-browser,False,True,False,True,False,False,2,132,browser
components/task/dockview-hidden-session-panels.test.ts,browser-locales,retain-full-or-review,False,True,False,True,True,False,61,13,browser-locales
components/task/dockview-layout-restore-maximize-session.test.ts,browser-locales,retain-full-or-review,False,True,False,True,True,False,61,37,browser-locales
components/task/dockview-layout-restore.test.ts,browser-locales,retain-full-or-review,False,True,False,True,True,False,61,55,browser-locales
components/task/dockview-layout-setup.measurement.test.ts,browser-locales,retain-full-or-review,False,True,False,True,True,False,64,10,browser-locales
components/task/dockview-layout-setup.scroll-target.test.ts,browser-locales,retain-full-or-review,False,False,False,True,True,False,64,15,browser-locales
components/task/dockview-panel-content.diff.test.tsx,browser-locales,retain-full-or-review,False,True,False,True,True,False,1751,25,browser-locales
components/task/dockview-panel-content.todos.test.tsx,browser-locales,retain-full-or-review,False,True,False,True,True,False,1726,85,browser-locales
components/task/dockview-review-dialog.delivery.test.tsx,browser-locales,retain-full-or-review,False,True,False,True,True,False,503,6157,browser-locales
components/task/dockview-review-panel-sync.test.ts,browser-locales,retain-full-or-review,False,False,False,True,True,False,281,20,browser-locales
components/task/dockview-session-tab-activation.test.ts,browser-locales,review-node,False,False,False,False,False,False,2,8,node
components/task/dockview-session-tab-sync.test.ts,browser-locales,retain-full-or-review,False,False,False,True,True,False,182,35,browser-locales
components/task/dockview-session-tabs.hook.test.tsx,browser-locales,retain-full-or-review,False,True,False,True,True,False,181,82,browser-locales
components/task/dockview-session-tabs.test.ts,browser-locales,retain-full-or-review,False,False,False,True,True,False,181,35,browser-locales
components/task/dockview-shared.test.tsx,browser-locales,retain-full-or-review,False,True,False,True,True,False,1425,70,browser-locales
components/task/dockview-todo-panel-sync.hook.test.tsx,browser-locales,retain-full-or-review,False,True,False,True,True,False,187,89,browser-locales
components/task/dockview-todo-panel-sync.test.ts,browser-locales,retain-full-or-review,False,False,False,True,True,False,187,19,browser-locales
components/task/editor-worktree-options.test.ts,browser-locales,review-english-browser,False,False,False,True,False,False,4,10,browser
components/task/editors-menu-availability.test.ts,browser-locales,review-node,False,False,False,False,False,False,2,8,node
components/task/editors-menu.test.tsx,browser-locales,retain-full-or-review,False,True,False,True,True,False,231,963,browser-locales
components/task/ensure-session-error.test.tsx,browser-locales,review-english-browser,False,True,False,True,False,False,32,133,browser-locales
components/task/executor-environment-info.remote-docker.test.tsx,browser-locales,review-english-browser,False,True,False,True,False,False,15,87,browser
components/task/executor-environment-info.test.tsx,browser-locales,review-english-browser,False,True,False,True,False,False,15,122,browser
components/task/executor-environment-status.test.ts,browser-locales,review-english-browser,False,False,False,True,False,False,4,15,browser
components/task/executor-settings-button.test.tsx,browser-locales,review-english-browser,False,True,False,True,False,False,156,1552,browser-locales
components/task/file-browser-actions.test.ts,browser-locales,review-english-browser,False,False,False,True,False,False,18,138,browser
components/task/file-browser-apply-changes.test.ts,browser-locales,review-english-browser,False,True,False,True,False,False,152,758,browser-locales
components/task/file-browser-context-action.test.tsx,browser-locales,retain-full-or-review,False,True,False,True,True,False,244,228,browser-locales
components/task/file-browser-load-children.test.ts,browser-locales,review-english-browser,False,False,False,True,False,False,152,693,browser-locales
components/task/file-browser-load-state.test.tsx,browser-locales,retain-full-or-review,False,True,False,True,True,False,185,58,browser-locales
components/task/file-browser-move-settlement.test.tsx,browser-locales,retain-full-or-review,False,False,False,True,True,False,307,2579,browser-locales
components/task/file-browser-path.test.ts,browser-locales,review-english-browser,False,False,False,True,False,False,5,8,browser
components/task/file-browser-refresh-freshness.test.ts,browser-locales,review-english-browser,False,True,False,True,False,False,152,860,browser-locales
components/task/file-browser-render-identity.test.tsx,browser-locales,retain-full-or-review,False,True,False,True,True,False,261,48,browser-locales
components/task/file-browser-repository-labels.test.ts,browser-locales,review-node,False,False,False,False,False,False,2,9,node
components/task/file-browser-reset-key.test.ts,browser-locales,retain-full-or-review,False,False,False,True,True,False,302,9,browser-locales
components/task/file-browser-responsive.test.tsx,browser-locales,retain-full-or-review,False,True,False,True,True,False,302,133,browser-locales
components/task/file-browser-restore-expanded.test.tsx,browser-locales,review-english-browser,False,True,False,True,False,False,152,537,browser-locales
components/task/file-browser-restore-loader.test.tsx,browser-locales,review-english-browser,False,True,False,True,False,False,152,1642,browser-locales
components/task/file-browser-search-context-action.test.tsx,browser-locales,retain-full-or-review,False,True,False,True,True,False,254,161,browser-locales
components/task/file-browser-search-freshness.test.ts,browser-locales,review-english-browser,False,True,False,True,False,False,152,62,browser-locales
components/task/file-browser-toggle-expand.test.ts,browser-locales,review-english-browser,False,False,False,True,False,False,152,10,browser-locales
components/task/file-browser-toolbar.test.tsx,browser-locales,review-english-browser,False,True,False,True,False,False,11,905,browser
components/task/file-browser-tree-cache.test.ts,browser-locales,review-node,False,False,False,False,False,False,2,38,node
components/task/file-browser-tree-state.test.tsx,browser-locales,review-english-browser,False,True,False,True,False,False,139,51,browser-locales
components/task/file-context-menu.test.tsx,browser-locales,retain-full-or-review,False,True,False,True,True,False,244,1981,browser-locales
components/task/file-editor-content.test.tsx,browser-locales,retain-full-or-review,False,True,False,True,True,False,373,95,browser-locales
components/task/file-editor-panel.download.test.tsx,browser-locales,review-english-browser,False,True,False,True,False,False,164,82,browser-locales
components/task/file-editor-panel.image.test.tsx,browser-locales,retain-full-or-review,False,True,False,True,True,False,379,87,browser-locales
components/task/file-editor-panel.workspace-sync.test.tsx,browser-locales,retain-full-or-review,False,True,False,True,True,False,383,871,browser-locales
components/task/file-tab-content.external-link.test.tsx,browser-locales,retain-full-or-review,False,True,False,True,True,False,377,33,browser-locales
components/task/file-tab-content.test.tsx,browser-locales,retain-full-or-review,False,True,False,True,True,False,377,104,browser-locales
components/task/file-tree-editor-menu.test.tsx,browser-locales,retain-full-or-review,False,True,False,True,True,False,235,412,browser-locales
components/task/file-tree-editor-provider.test.tsx,browser-locales,retain-full-or-review,False,True,False,True,True,False,224,25,browser-locales
components/task/file-tree-editor-target.test.ts,browser-locales,review-node,False,False,False,False,False,False,2,7,node
components/task/file-tree-geometry.test.ts,browser-locales,review-node,False,False,False,False,False,False,2,7,node
components/task/file-tree-measurement.test.ts,browser-locales,review-english-browser,False,True,False,True,False,False,2,38,browser
components/task/file-tree-reveal.test.ts,browser-locales,review-english-browser,False,True,False,True,False,False,4,37,browser
components/task/file-tree-utils.test.ts,browser-locales,review-node,False,False,False,False,False,False,2,12,node
components/task/file-upload-conflict-dialog.test.tsx,browser-locales,review-english-browser,False,True,False,True,False,False,7,374,browser
components/task/file-viewer-content.test.tsx,browser-locales,retain-full-or-review,False,True,False,True,True,False,192,32,browser-locales
components/task/floating-selection-position.test.ts,browser-locales,review-english-browser,False,False,False,True,False,False,2,5,browser
components/task/handoff-profile-menu-items.test.ts,browser-locales,review-english-browser,False,True,False,True,False,False,142,31,browser-locales
components/task/handoff-types.test.ts,browser-locales,review-node,False,False,False,False,False,False,2,6,node
components/task/html-preview-content.test.tsx,browser-locales,review-english-browser,False,True,False,True,False,False,178,231,browser-locales
components/task/inspector/preview-feedback-collection.test.tsx,browser-locales,review-english-browser,False,True,False,True,False,False,12,172,browser
components/task/inspector/preview-feedback-controls.integration.test.tsx,browser-locales,review-english-browser,False,True,False,True,False,False,147,171,browser-locales
components/task/inspector/preview-feedback-controls.test.tsx,browser-locales,review-english-browser,False,True,False,True,False,False,13,348,browser
components/task/launch-queue-status.test.tsx,browser-locales,review-english-browser,False,True,False,True,False,False,140,85,browser-locales
components/task/launch-warning.test.tsx,browser-locales,review-english-browser,False,True,False,True,False,False,135,128,browser-locales
components/task/layout-preset-selector-session-ids.test.ts,browser-locales,review-node,False,False,False,False,False,False,2,10,node
components/task/layout-preset-selector.test.tsx,browser-locales,retain-full-or-review,False,True,False,True,True,False,215,1307,browser-locales
components/task/markdown-preview-content.external-link.test.tsx,browser-locales,retain-full-or-review,False,True,False,True,True,False,310,131,browser-locales
components/task/markdown-preview-content.math.test.tsx,browser-locales,retain-full-or-review,False,True,False,True,True,False,310,161,browser-locales
components/task/markdown-preview-content.test.ts,browser-locales,retain-full-or-review,False,True,False,True,True,False,310,10,browser-locales
components/task/mobile/mobile-changes-panel.test.tsx,browser-locales,retain-full-or-review,False,True,False,True,True,False,533,39,browser-locales
components/task/mobile/mobile-file-viewer-panel.test.tsx,browser-locales,retain-full-or-review,False,True,False,True,True,False,336,197,browser-locales
components/task/mobile/mobile-sessions-section.test.tsx,browser-locales,retain-full-or-review,False,True,False,True,True,False,406,1317,browser-locales
components/task/mobile/mobile-terminal-keybar.test.tsx,browser-locales,review-english-browser,False,True,False,True,False,False,17,282,browser
components/task/mobile/mobile-terminal-row.test.tsx,browser-locales,review-english-browser,False,True,False,True,False,False,178,478,browser-locales
components/task/mobile/plugin-panel-picker.test.tsx,browser-locales,retain-full-or-review,False,True,False,True,True,False,192,175,browser-locales
components/task/mobile/session-mobile-bottom-nav.test.tsx,browser-locales,retain-full-or-review,False,True,False,True,True,False,194,731,browser-locales
components/task/mobile/session-mobile-layout.test.tsx,browser-locales,retain-full-or-review,False,True,False,True,True,False,1743,165,browser-locales
components/task/mobile/session-mobile-top-bar-repository.test.tsx,browser-locales,retain-full-or-review,False,True,False,True,True,False,927,208,browser-locales
components/task/mobile/session-mobile-top-bar.test.tsx,browser-locales,retain-full-or-review,False,True,False,True,True,False,927,84,browser-locales
components/task/mobile/session-tablet-layout.test.tsx,browser-locales,retain-full-or-review,False,True,False,True,True,False,1362,24,browser-locales
components/task/mobile/session-task-switcher-sheet-archive-actions.test.ts,browser-locales,retain-full-or-review,False,True,False,True,True,False,266,40,browser-locales
components/task/mobile/session-task-switcher-sheet-archived-selection.test.ts,browser-locales,retain-full-or-review,False,False,False,True,True,False,69,16,browser-locales
components/task/mobile/session-task-switcher-sheet-helpers.test.ts,browser-locales,review-english-browser,False,False,False,True,False,False,131,30,browser-locales
components/task/mobile/session-task-switcher-sheet-hooks.test.ts,browser-locales,retain-full-or-review,False,False,False,True,True,False,266,53,browser-locales
components/task/mobile/session-task-switcher-sheet-item.test.ts,browser-locales,retain-full-or-review,False,False,False,True,True,False,81,12,browser-locales
components/task/mobile/session-task-switcher-sheet.test.tsx,browser-locales,retain-full-or-review,False,True,False,True,True,False,766,1662,browser-locales
components/task/mobile/task-sheet-selection-context.test.tsx,browser-locales,retain-full-or-review,False,True,False,True,True,False,70,30,browser-locales
components/task/mobile/use-mobile-task-rename.test.ts,browser-locales,retain-full-or-review,False,True,False,True,True,False,228,26,browser-locales
components/task/model-selector-consecutive-switch.test.tsx,browser-locales,review-english-browser,False,True,False,True,False,False,173,294,browser-locales
components/task/model-selector-provider-icon.test.tsx,browser-locales,review-node,False,False,False,False,False,False,2,8,node
components/task/model-selector.test.ts,browser-locales,review-english-browser,False,False,False,True,False,False,173,15,browser-locales
components/task/new-session-dialog.test.tsx,browser-locales,retain-full-or-review,False,True,False,True,True,False,387,324,browser-locales
components/task/new-session-form-actions.test.ts,browser-locales,retain-full-or-review,False,True,False,True,True,False,186,47,browser-locales
components/task/new-session-form-prompt.test.tsx,browser-locales,retain-full-or-review,False,True,False,True,True,False,387,44,browser-locales
components/task/new-session-profile-selection.test.ts,browser-locales,review-node,False,False,False,False,False,False,2,7,node
components/task/new-subtask-dialog-context.test.ts,browser-locales,retain-full-or-review,False,False,False,True,True,False,440,7,browser-locales
components/task/new-subtask-form-parts.test.tsx,browser-locales,retain-full-or-review,False,True,False,True,True,False,414,98,browser-locales
components/task/new-subtask-form-state.test.ts,browser-locales,retain-full-or-review,False,True,False,True,True,False,26,27,browser-locales
components/task/panel-primitives.test.tsx,browser-locales,review-english-browser,False,True,False,True,False,False,2,79,browser
components/task/parked-terminals-menu.test.tsx,browser-locales,review-english-browser,False,True,False,True,False,False,9,137,browser
components/task/passthrough-chat-composer.test.ts,browser-locales,retain-full-or-review,False,False,False,True,True,False,840,26,browser-locales
components/task/passthrough-toolbar.test.tsx,browser-locales,retain-full-or-review,False,True,False,True,True,False,895,611,browser-locales
components/task/plan-comment-migration-notice.test.tsx,browser-locales,review-english-browser,False,True,False,True,False,False,3,76,browser
components/task/plan-selection-popover.test.tsx,browser-locales,review-english-browser,False,True,False,True,False,False,10,424,browser
components/task/plan-tab.test.tsx,browser-locales,retain-full-or-review,False,True,False,True,True,False,178,38,browser-locales
components/task/plugin-task-panel.test.tsx,browser-locales,retain-full-or-review,False,True,False,True,True,False,188,103,browser-locales
components/task/port-forward-dialog.test.tsx,browser-locales,retain-full-or-review,False,True,False,True,True,False,77,665,browser-locales
components/task/port-forward-rows.test.ts,browser-locales,review-node,False,False,False,False,False,False,2,7,node
components/task/port-forwarding-visibility-provider.test.tsx,browser-locales,review-english-browser,False,True,False,True,False,False,18,42,browser
components/task/port-forwarding-visibility.test.ts,browser-locales,review-node,False,False,False,False,False,False,2,8,node
components/task/preview-session-tabs.test.tsx,browser-locales,retain-full-or-review,False,True,False,True,True,False,1135,2014,browser-locales
components/task/preview-tab.test.tsx,browser-locales,retain-full-or-review,False,True,False,True,True,False,63,55,browser-locales
components/task/recent-task-switcher-keys.test.ts,browser-locales,review-english-browser,False,False,False,True,False,False,4,18,browser
components/task/recent-task-switcher-model.test.ts,browser-locales,retain-full-or-review,True,False,False,True,True,False,11,17,browser-locales
components/task/remote-cloud-tooltip-primitives.test.tsx,browser-locales,review-english-browser,False,True,False,True,False,False,22,349,browser
components/task/remote-cloud-tooltip.test.tsx,browser-locales,review-english-browser,False,True,False,True,False,False,22,301,browser
components/task/remote-contribution-header-actions.test.tsx,browser-locales,review-english-browser,False,True,False,True,False,False,151,165,browser-locales
components/task/remote-contribution-resolution-dialog.test.tsx,browser-locales,review-english-browser,False,True,False,True,False,False,2,49,browser
components/task/review-panel-provider.test.ts,browser-locales,retain-full-or-review,False,True,False,True,True,False,271,79,browser-locales
components/task/review-selection.test.ts,browser-locales,review-english-browser,False,True,False,True,False,False,2,21,browser
components/task/selector-trigger-class.test.tsx,browser-locales,review-english-browser,False,True,False,True,False,False,178,301,browser-locales
components/task/session-context-summary.test.ts,browser-locales,review-english-browser,False,False,False,True,False,False,4,12,browser
components/task/session-dialog-shared.test.tsx,browser-locales,review-english-browser,False,True,False,True,False,False,23,122,browser
components/task/session-error-details.test.tsx,browser-locales,retain-full-or-review,True,True,False,True,True,False,67,136,browser-locales
components/task/session-panel-content.test.tsx,browser-locales,review-english-browser,False,True,False,True,False,False,1,40,browser
components/task/session-reopen-menu.test.tsx,browser-locales,retain-full-or-review,False,True,False,True,True,False,211,158,browser-locales
components/task/session-sort.test.ts,browser-locales,review-english-browser,False,False,False,True,False,False,7,13,browser
components/task/session-tab-activation-intent.test.ts,browser-locales,review-english-browser,False,True,False,True,False,False,2,17,browser
components/task/session-tab-close-action.test.tsx,browser-locales,review-english-browser,False,True,False,True,False,False,2,64,browser
components/task/session-tab-menu.test.tsx,browser-locales,retain-full-or-review,False,True,False,True,True,False,398,388,browser-locales
components/task/session-tab-title.test.ts,browser-locales,review-english-browser,False,False,False,True,False,False,12,7,browser
components/task/session-tab-visibility.test.ts,browser-locales,review-node,False,False,False,False,False,False,2,4,node
components/task/sessions-dropdown.test.ts,browser-locales,retain-full-or-review,False,True,False,True,True,False,492,32,browser-locales
components/task/share/share-dialog.test.tsx,browser-locales,review-english-browser,False,True,False,True,False,False,11,547,browser
components/task/sidebar-filter/automatic-color-settings.test.tsx,browser-locales,retain-full-or-review,False,True,False,True,True,False,196,887,browser-locales
components/task/sidebar-filter/filter-dimension-registry.test.ts,browser-locales,retain-full-or-review,True,False,False,True,True,False,4,18,browser-locales
components/task/sidebar-filter/filter-multi-select.test.tsx,browser-locales,review-english-browser,False,True,False,True,False,False,9,575,browser
components/task/sidebar-filter/filter-option-groups.test.ts,browser-locales,review-node,False,False,False,False,False,False,2,10,node
components/task/sidebar-filter/sidebar-filter-indicators.test.tsx,browser-locales,review-english-browser,False,True,False,True,False,False,135,41,browser-locales
components/task/sidebar-filter/sidebar-filter-popover.test.tsx,browser-locales,retain-full-or-review,False,True,False,True,True,False,224,1517,browser-locales
components/task/sidebar-filter/sidebar-reorder-collision.test.ts,browser-locales,review-english-browser,False,True,False,True,False,False,2,25,browser
components/task/sidebar-filter/sidebar-reorder-menu.test.tsx,browser-locales,review-english-browser,False,True,False,True,False,False,2,227,browser
components/task/sidebar-filter/sidebar-settings-disclosure.test.tsx,browser-locales,review-english-browser,False,True,False,True,False,False,8,57,browser
components/task/sidebar-filter/sort-chain-editor-model.test.ts,browser-locales,review-node,False,False,False,False,False,False,2,8,browser-locales
components/task/sidebar-filter/sort-chain-editor.test.tsx,browser-locales,review-english-browser,False,True,False,True,False,False,22,1189,browser
components/task/sidebar-filter/task-color-rule-options.test.tsx,browser-locales,review-english-browser,False,False,False,True,False,False,134,8,browser-locales
components/task/sidebar-filter/task-row-settings.test.tsx,browser-locales,review-english-browser,False,True,False,True,False,False,13,568,browser
components/task/sidebar-filter/use-filter-value-options-locale.test.tsx,browser-locales,retain-full-or-review,True,True,False,True,True,False,136,45,browser-locales
components/task/sidebar-filter/use-filter-value-options.test.ts,browser-locales,review-english-browser,False,False,False,True,False,False,136,9,browser-locales
components/task/sidebar-filter/use-repository-rule-catalog.test.tsx,browser-locales,retain-full-or-review,False,True,False,True,True,False,182,114,browser-locales
components/task/sidebar-filter/use-sidebar-view-popover.test.tsx,browser-locales,review-english-browser,False,True,False,True,False,False,134,38,browser-locales
components/task/sidebar-filter/view-manager.test.tsx,browser-locales,review-english-browser,False,True,False,True,False,False,5,104,browser
components/task/sidebar-task-pagination.test.tsx,browser-locales,review-english-browser,False,True,False,True,False,False,2,63,browser
components/task/sidebar-task-query-status.test.tsx,browser-locales,review-english-browser,False,True,False,True,False,False,2,55,browser
components/task/simple/OfficeSimplePane.test.tsx,browser-locales,retain-full-or-review,False,True,False,True,True,False,721,316,browser-locales
components/task/simple/chat-activity-tabs.test.tsx,browser-locales,retain-full-or-review,False,True,False,True,True,False,670,239,browser-locales
components/task/simple/chat-entries.test.ts,browser-locales,review-english-browser,False,False,False,True,False,False,18,12,browser
components/task/simple/components/agents-multi-picker.test.tsx,browser-locales,review-english-browser,False,True,False,True,False,False,149,180,browser-locales
components/task/simple/components/approval-action-bar.test.tsx,browser-locales,review-english-browser,False,True,False,True,False,False,145,43,browser-locales
components/task/simple/components/blockers-picker.test.tsx,browser-locales,review-english-browser,False,True,False,True,False,False,146,247,browser-locales
components/task/simple/components/human-assignee-picker.test.tsx,browser-locales,review-english-browser,False,True,False,True,False,False,150,229,browser-locales
components/task/simple/components/multi-select-popover.test.tsx,browser-locales,review-english-browser,False,True,False,True,False,False,7,165,browser
components/task/simple/components/parent-picker.test.tsx,browser-locales,review-english-browser,False,True,False,True,False,False,156,848,browser-locales
components/task/simple/components/pending-approval-badge.test.tsx,browser-locales,review-english-browser,False,True,False,True,False,False,135,76,browser-locales
components/task/simple/components/priority-picker.test.tsx,browser-locales,review-english-browser,False,True,False,True,False,False,145,250,browser-locales
components/task/simple/components/property-row.test.tsx,browser-locales,review-english-browser,False,True,False,True,False,False,7,56,browser
components/task/simple/components/quorum-status-badge.test.tsx,browser-locales,review-english-browser,False,True,False,True,False,False,141,91,browser-locales
components/task/simple/components/run-error-entry.test.tsx,browser-locales,retain-full-or-review,False,True,False,True,True,False,243,387,browser-locales
components/task/simple/components/session-timeline-entry.test.tsx,browser-locales,retain-full-or-review,False,True,False,True,True,False,625,173,browser-locales
components/task/simple/components/status-picker.test.tsx,browser-locales,review-english-browser,False,True,False,True,False,False,148,522,browser-locales
components/task/simple/components/task-description-editable.test.tsx,browser-locales,review-english-browser,False,True,False,True,False,False,145,440,browser-locales
components/task/simple/components/task-launch-error-entry.test.tsx,browser-locales,retain-full-or-review,False,True,False,True,True,False,426,234,browser-locales
components/task/simple/components/task-title-editable.test.tsx,browser-locales,review-english-browser,False,True,False,True,False,False,146,137,browser-locales
components/task/simple/components/topbar-working-indicator.test.tsx,browser-locales,review-english-browser,False,True,False,True,False,False,139,214,browser-locales
components/task/simple/components/user-comment-run-badge.test.tsx,browser-locales,review-english-browser,False,True,False,True,False,False,2,59,browser
components/task/simple/session-groups.test.ts,browser-locales,review-node,False,False,False,False,False,False,2,9,node
components/task/simple/task-chat.comment-send.test.tsx,browser-locales,retain-full-or-review,False,True,False,True,True,False,648,1791,browser-locales
components/task/simple/task-chat.test.tsx,browser-locales,retain-full-or-review,False,True,False,True,True,False,648,353,browser-locales
components/task/simple/task-identifier-link.test.ts,browser-locales,review-node,False,False,False,False,False,False,2,7,node
components/task/simple/task-properties.test.tsx,browser-locales,review-english-browser,False,True,False,True,False,False,198,136,browser-locales
components/task/simple/workflow-sort.test.ts,browser-locales,review-node,False,False,False,False,False,False,2,12,node
components/task/tab-context-menu.test.tsx,browser-locales,retain-full-or-review,False,True,False,True,True,False,63,70,browser-locales
components/task/task-actions-menu-dialogs.test.tsx,browser-locales,retain-full-or-review,False,True,False,True,True,False,576,230,browser-locales
components/task/task-archive-confirm-dialog.test.tsx,browser-locales,review-english-browser,False,True,False,True,False,False,171,635,browser-locales
components/task/task-archive-confirmation.test.tsx,browser-locales,review-english-browser,False,True,False,True,False,False,173,955,browser-locales
components/task/task-assignee-control.test.tsx,browser-locales,review-english-browser,False,True,False,True,False,False,144,470,browser-locales
components/task/task-center-panel-file-tabs.test.ts,browser-locales,review-node,False,False,False,False,False,False,2,11,node
components/task/task-center-panel-mutation-ownership.test.tsx,browser-locales,review-english-browser,False,True,False,True,False,False,50,102,browser-locales
components/task/task-center-panel-restoration.test.ts,browser-locales,review-english-browser,False,True,False,True,False,False,50,36,browser-locales
components/task/task-changes-panel-comments.test.ts,browser-locales,retain-full-or-review,False,True,False,True,True,False,432,22,browser-locales
components/task/task-changes-panel-layers.test.ts,browser-locales,review-english-browser,False,True,False,True,False,False,7,27,browser
components/task/task-changes-panel.test.ts,browser-locales,retain-full-or-review,False,True,False,True,True,False,432,33,browser-locales
components/task/task-chat-panel.launch-error.test.tsx,browser-locales,retain-full-or-review,False,True,False,True,True,False,1095,44,browser-locales
components/task/task-chat-panel.scroll-target.test.tsx,browser-locales,retain-full-or-review,False,True,False,True,True,False,1095,205,browser-locales
components/task/task-cleanup-summary.test.ts,browser-locales,retain-full-or-review,True,False,False,True,True,False,4,35,browser-locales
components/task/task-delete-confirm-dialog.test.tsx,browser-locales,review-english-browser,False,True,False,True,False,False,168,1108,browser-locales
components/task/task-dependency-chip.test.tsx,browser-locales,review-english-browser,False,True,False,True,False,False,142,301,browser-locales
components/task/task-detach-confirm-dialog.test.tsx,browser-locales,review-english-browser,False,True,False,True,False,False,14,376,browser
components/task/task-detail-context-panel.test.tsx,browser-locales,review-english-browser,False,True,False,True,False,False,2,57,browser
components/task/task-external-link-dialog.test.tsx,browser-locales,review-english-browser,False,True,False,True,False,False,159,446,browser-locales
components/task/task-external-link-utils.test.ts,browser-locales,review-node,False,False,False,False,False,False,3,9,node
components/task/task-github-pr-url.test.ts,browser-locales,review-node,False,False,False,False,False,False,5,10,node
components/task/task-item-archive-pending.test.tsx,browser-locales,retain-full-or-review,False,True,False,True,True,False,329,108,browser-locales
components/task/task-item-compact-layout.test.tsx,browser-locales,retain-full-or-review,False,True,False,True,True,False,329,92,browser-locales
components/task/task-item-parked.test.tsx,browser-locales,retain-full-or-review,False,True,False,True,True,False,329,123,browser-locales
components/task/task-item-priority.test.tsx,browser-locales,retain-full-or-review,False,True,False,True,True,False,329,77,browser-locales
components/task/task-item-repository.test.tsx,browser-locales,retain-full-or-review,False,True,False,True,True,False,329,109,browser-locales
components/task/task-item-stats-row.test.tsx,browser-locales,review-english-browser,False,True,False,True,False,False,134,36,browser-locales
components/task/task-item-title-fade.test.tsx,browser-locales,retain-full-or-review,False,True,False,True,True,False,329,142,browser-locales
components/task/task-item-trailing.test.tsx,browser-locales,retain-full-or-review,False,True,False,True,True,False,301,112,browser-locales
components/task/task-item.mr-guard.test.tsx,browser-locales,retain-full-or-review,False,True,False,True,True,False,329,66,browser-locales
components/task/task-item.test.tsx,browser-locales,retain-full-or-review,False,True,False,True,True,False,329,665,browser-locales
components/task/task-launch-error-context.test.tsx,browser-locales,retain-full-or-review,False,True,False,True,True,False,179,94,browser-locales
components/task/task-layout-repository.test.tsx,browser-locales,retain-full-or-review,False,True,False,True,True,False,1865,114,browser-locales
components/task/task-management-drawer.test.tsx,browser-locales,retain-full-or-review,False,True,False,True,True,False,189,282,browser-locales
components/task/task-management-menu.test.tsx,browser-locales,retain-full-or-review,False,True,False,True,True,False,190,421,browser-locales
components/task/task-management-surface.test.tsx,browser-locales,retain-full-or-review,False,True,False,True,True,False,580,1019,browser-locales
components/task/task-move-context-menu.test.tsx,browser-locales,review-english-browser,False,True,False,True,False,False,174,1788,browser-locales
components/task/task-move-error-message.test.ts,browser-locales,review-english-browser,False,False,False,True,False,False,6,9,browser
components/task/task-page-content-helpers-board-row.test.tsx,browser-locales,review-english-browser,False,True,False,True,False,False,140,63,browser-locales
components/task/task-page-content-helpers.test.ts,browser-locales,review-english-browser,False,False,False,True,False,False,140,24,browser-locales
components/task/task-page-content-workflow.test.ts,browser-locales,review-english-browser,False,False,False,True,False,False,140,13,browser-locales
components/task/task-page-content.test.tsx,browser-locales,retain-full-or-review,False,True,False,True,True,False,2023,366,browser-locales
components/task/task-page-editor-capability.test.ts,browser-locales,review-english-browser,False,True,False,True,False,False,134,32,browser-locales
components/task/task-page-mobile-feedback.test.ts,browser-locales,review-english-browser,False,False,False,True,False,False,140,7,browser-locales
components/task/task-page-recovery-feedback.test.tsx,browser-locales,review-english-browser,False,True,False,True,False,False,32,74,browser-locales
components/task/task-palette-move.test.tsx,browser-locales,review-english-browser,False,True,False,True,False,False,174,31,browser-locales
components/task/task-plan-diff.test.ts,browser-locales,review-node,False,False,False,False,False,False,2,11,node
components/task/task-plan-implement.test.ts,browser-locales,review-node,False,False,False,False,False,False,2,13,node
components/task/task-plan-panel-draft.test.ts,browser-locales,review-english-browser,False,True,False,True,False,False,2,53,browser
components/task/task-plan-panel-header.test.tsx,browser-locales,retain-full-or-review,False,True,False,True,True,False,223,61,browser-locales
components/task/task-plan-panel.refresh.test.tsx,browser-locales,retain-full-or-review,False,True,False,True,True,False,301,1252,browser-locales
components/task/task-plan-panel.save-ack.test.tsx,browser-locales,retain-full-or-review,False,True,False,True,True,False,301,954,browser-locales
components/task/task-plan-panel.session-switch.test.tsx,browser-locales,retain-full-or-review,False,True,False,True,True,False,301,36,browser-locales
components/task/task-plan-revision-restore-actions.test.tsx,browser-locales,review-english-browser,False,True,False,True,False,False,156,498,browser-locales
components/task/task-plan-revisions.test.tsx,browser-locales,review-english-browser,False,True,False,True,False,False,156,790,browser-locales
components/task/task-plan-save-error-banner.test.tsx,browser-locales,review-english-browser,False,True,False,True,False,False,3,43,browser
components/task/task-pr-open.test.ts,browser-locales,review-node,False,False,False,False,False,False,2,17,node
components/task/task-pr-picker-dialog.test.tsx,browser-locales,review-english-browser,False,True,False,True,False,False,158,158,browser-locales
components/task/task-pr-shortcut.test.tsx,browser-locales,review-english-browser,False,True,False,True,False,False,181,138,browser-locales
components/task/task-priority-indicator.test.tsx,browser-locales,review-english-browser,False,True,False,True,False,False,8,75,browser
components/task/task-reset-env-confirm-dialog.test.tsx,browser-locales,review-english-browser,False,True,False,True,False,False,2,169,browser
components/task/task-right-panels-toggle.test.tsx,browser-locales,retain-full-or-review,False,True,False,True,True,False,66,69,browser-locales
components/task/task-row-presentation.test.ts,browser-locales,review-node,False,False,False,False,False,False,3,9,node
components/task/task-select-helpers-archived.test.ts,browser-locales,retain-full-or-review,False,False,False,True,True,False,68,11,browser-locales
components/task/task-select-helpers.test.ts,browser-locales,retain-full-or-review,False,False,False,True,True,False,68,41,browser-locales
components/task/task-select-races.test.ts,browser-locales,retain-full-or-review,False,False,False,True,True,False,68,400,browser-locales
components/task/task-select-review-races.test.ts,browser-locales,retain-full-or-review,False,False,False,True,True,False,68,18,browser-locales
components/task/task-session-sidebar-aggregate.test.ts,browser-locales,review-node,False,False,False,False,False,False,8,19,node
components/task/task-session-sidebar-archived-item.test.ts,browser-locales,review-english-browser,False,False,False,True,False,False,152,10,browser-locales
components/task/task-session-sidebar-edit.test.ts,browser-locales,retain-full-or-review,False,False,False,True,True,False,483,7,browser-locales
components/task/task-session-sidebar-grouped-view.test.ts,browser-locales,review-english-browser,False,True,False,True,False,False,143,21,browser-locales
components/task/task-session-sidebar-item-pending-archive.test.ts,browser-locales,review-english-browser,False,False,False,True,False,False,24,6,browser
components/task/task-session-sidebar-item.test.ts,browser-locales,review-english-browser,False,False,False,True,False,False,24,18,browser
components/task/task-session-sidebar-link-actions.test.ts,browser-locales,retain-full-or-review,False,False,False,True,True,False,147,11,browser-locales
components/task/task-session-sidebar-move.test.ts,browser-locales,retain-full-or-review,False,True,False,True,True,False,228,43,browser-locales
components/task/task-session-sidebar-selection.test.ts,browser-locales,retain-full-or-review,False,True,False,True,True,False,525,31,browser-locales
components/task/task-session-sidebar-task-lookup.test.ts,browser-locales,review-node,False,False,False,False,False,False,3,5,node
components/task/task-shared-error.test.tsx,browser-locales,retain-full-or-review,False,True,False,True,True,False,214,67,browser-locales
components/task/task-state-actions.test.tsx,browser-locales,review-english-browser,False,True,False,True,False,False,8,59,browser
components/task/task-switcher-click.test.ts,browser-locales,retain-full-or-review,False,False,False,True,True,False,445,13,browser-locales
components/task/task-switcher-color-menu.test.tsx,browser-locales,retain-full-or-review,False,True,False,True,True,False,262,1385,browser-locales
components/task/task-switcher-context-menu-archive-selection.test.tsx,browser-locales,retain-full-or-review,False,True,False,True,True,False,262,505,browser-locales
components/task/task-switcher-context-menu-office.test.tsx,browser-locales,retain-full-or-review,False,True,False,True,True,False,262,342,browser-locales
components/task/task-switcher-context-menu-pr-unlink.test.tsx,browser-locales,retain-full-or-review,False,True,False,True,True,False,262,1150,browser-locales
components/task/task-switcher-context-menu.test.tsx,browser-locales,retain-full-or-review,False,True,False,True,True,False,262,5565,browser-locales
components/task/task-switcher-direct-subtasks.test.tsx,browser-locales,retain-full-or-review,False,True,False,True,True,False,445,306,browser-locales
components/task/task-switcher-group.test.tsx,browser-locales,retain-full-or-review,False,True,False,True,True,False,445,292,browser-locales
components/task/task-switcher-nest-context-menu.test.tsx,browser-locales,retain-full-or-review,False,True,False,True,True,False,262,964,browser-locales
components/task/task-switcher-pr-unlink.test.tsx,browser-locales,retain-full-or-review,False,True,False,True,True,False,445,688,browser-locales
components/task/task-switcher-render-stability.test.tsx,browser-locales,retain-full-or-review,False,True,False,True,True,False,445,114,browser-locales
components/task/task-switcher-row-render-identity.test.tsx,browser-locales,retain-full-or-review,False,True,False,True,True,False,433,24,browser-locales
components/task/task-switcher-subtask-dnd.test.ts,browser-locales,review-english-browser,False,False,False,True,False,False,8,16,browser
components/task/task-switcher.test.ts,browser-locales,review-english-browser,False,False,False,True,False,False,12,7,browser
components/task/task-switcher.test.tsx,browser-locales,retain-full-or-review,False,True,False,True,True,False,445,2619,browser-locales
components/task/task-title-hover-card.test.tsx,browser-locales,review-english-browser,False,True,False,True,False,False,175,1423,browser-locales
components/task/task-top-bar-actions-menu.test.tsx,browser-locales,retain-full-or-review,False,True,False,True,True,False,578,1380,browser-locales
components/task/task-top-bar-plugin-actions.test.tsx,browser-locales,retain-full-or-review,False,True,False,True,True,False,145,74,browser-locales
components/task/task-top-bar-title.test.tsx,browser-locales,retain-full-or-review,False,True,False,True,True,False,229,130,browser-locales
components/task/task-top-bar.test.tsx,browser-locales,retain-full-or-review,False,True,False,True,True,False,783,1425,browser-locales
components/task/terminal-close-inline-confirmation.test.tsx,browser-locales,review-english-browser,False,True,False,True,False,False,9,423,browser
components/task/terminal-panel.test.tsx,browser-locales,retain-full-or-review,False,True,False,True,True,False,260,34,browser-locales
components/task/terminal-tab.test.tsx,browser-locales,retain-full-or-review,True,True,False,True,True,False,187,569,browser-locales
components/task/terminal-websocket-lifecycle.test.tsx,browser-locales,review-english-browser,False,True,False,True,False,False,8,22,browser
components/task/use-agent-error-acknowledgements.test.tsx,browser-locales,review-english-browser,False,True,False,True,False,False,144,64,browser-locales
components/task/use-close-revoked-plugin-panels.test.ts,browser-locales,retain-full-or-review,False,True,False,True,True,False,13,30,browser-locales
components/task/use-draggable-popover.test.ts,browser-locales,review-english-browser,False,True,False,True,False,False,2,12,browser
components/task/use-file-upload-entry-points.test.tsx,browser-locales,review-english-browser,False,True,False,True,False,False,20,677,browser
components/task/use-passthrough-terminal.test.ts,browser-locales,retain-full-or-review,False,True,False,True,True,False,250,27,browser-locales
components/task/use-plan-find-shortcut.test.tsx,browser-locales,review-english-browser,False,True,False,True,False,False,6,20,browser
components/task/use-remote-contribution-resolution.test.tsx,browser-locales,review-english-browser,False,True,False,True,False,False,141,42,browser-locales
components/task/use-review-dialog.test.ts,browser-locales,retain-full-or-review,False,False,False,True,True,False,246,11,browser-locales
components/task/use-session-tab-delete.test.ts,browser-locales,review-english-browser,False,True,False,True,False,False,2,29,browser
components/task/use-subtask-submit.test.ts,browser-locales,retain-full-or-review,False,True,False,True,True,False,202,58,browser-locales
components/task/use-task-icon-tooltip-state.test.ts,browser-locales,review-english-browser,False,True,False,True,False,False,3,44,browser
components/task/use-task-review-shortcut.test.ts,browser-locales,review-english-browser,False,True,False,True,False,False,5,52,browser
components/task/use-terminal-busy-tracking.test.ts,browser-locales,review-english-browser,False,True,False,True,False,False,4,27,browser
components/task/use-terminal-theme.test.ts,browser-locales,review-english-browser,False,True,False,True,False,False,3,25,browser
components/task/wip-queue-status.test.tsx,browser-locales,review-english-browser,False,True,False,True,False,False,144,53,browser-locales
components/task/workflow-move-options-form.test.tsx,browser-locales,review-english-browser,False,True,False,True,False,False,165,357,browser-locales
components/task/workflow-move-options.test.ts,browser-locales,review-english-browser,False,False,False,True,False,False,165,5,browser-locales
components/task/workflow-move-preview.test.tsx,browser-locales,retain-full-or-review,True,True,False,True,True,False,4,123,browser-locales
components/task/workflow-move-proceed-button.test.tsx,browser-locales,review-english-browser,False,True,False,True,False,False,167,954,browser-locales
components/task/workflow-move-shortcut.test.tsx,browser-locales,review-english-browser,False,True,False,True,False,False,165,377,browser-locales
components/task/workflow-stepper-keyboard.test.tsx,browser-locales,retain-full-or-review,False,True,False,True,True,False,222,1519,browser-locales
components/task/workflow-stepper.test.tsx,browser-locales,retain-full-or-review,False,True,False,True,True,False,222,1466,browser-locales
components/task/workspace-recovery-progress.test.tsx,browser-locales,review-english-browser,False,True,False,True,False,False,5,55,browser
components/task/workspace-unavailable.test.tsx,browser-locales,retain-full-or-review,False,True,False,True,True,False,182,115,browser-locales
components/theme-provider.test.tsx,browser-locales,review-english-browser,False,True,False,True,False,False,3,65,browser
components/theme-toggle.test.tsx,browser-locales,review-english-browser,False,True,False,True,False,False,9,55,browser
components/theme/app-theme.test.tsx,browser-locales,review-english-browser,False,True,False,True,False,False,2,58,browser
components/theme/sonner-theme.test.tsx,browser-locales,review-english-browser,False,True,False,True,False,False,2,386,browser
components/threads/open-in-threads-button.test.tsx,browser-locales,review-english-browser,False,True,False,True,False,False,141,115,browser-locales
components/threads/thread-column-activation.test.tsx,browser-locales,review-english-browser,False,True,False,True,False,False,5,129,browser
components/threads/thread-layout.test.ts,browser-locales,review-node,False,False,False,False,False,False,2,8,node
components/threads/thread-session-switcher.test.tsx,browser-locales,review-english-browser,False,True,False,True,False,False,144,318,browser-locales
components/threads/thread-task-actions.test.tsx,browser-locales,retain-full-or-review,False,True,False,True,True,False,582,313,browser-locales
components/threads/threads-board.test.tsx,browser-locales,retain-full-or-review,False,True,False,True,True,False,1159,937,browser-locales
components/threads/threads-view-controls-recovery.test.tsx,browser-locales,review-english-browser,False,True,False,True,False,False,186,275,browser-locales
components/threads/threads-view-controls.test.tsx,browser-locales,review-english-browser,False,True,False,True,False,False,186,1805,browser-locales
components/threads/threads-view-editor-actions.test.tsx,browser-locales,review-english-browser,False,True,False,True,False,False,3,33,browser
components/threads/threads-view-editor-utils.test.ts,browser-locales,review-node,False,False,False,False,False,False,2,8,node
components/threads/threads-view-filter-registry.test.ts,browser-locales,review-english-browser,False,False,False,True,False,False,8,8,browser
components/threads/use-mobile-thread-position.test.tsx,browser-locales,review-english-browser,False,True,False,True,False,False,3,19,browser
components/threads/use-thread-focus-request.test.ts,browser-locales,review-english-browser,False,True,False,True,False,False,2,29,browser
components/threads/use-thread-selection-recovery.test.tsx,browser-locales,review-english-browser,False,True,False,True,False,False,4,50,browser
components/toast-provider.test.tsx,browser-locales,review-english-browser,False,True,False,True,False,False,15,65,browser
components/update-available-toast-bridge.test.tsx,browser-locales,review-english-browser,False,True,False,True,False,False,145,44,browser-locales
components/vcs-multi-repo-menu.test.ts,browser-locales,review-english-browser,False,False,False,True,False,False,3,5,browser
components/vcs-split-button.test.ts,browser-locales,retain-full-or-review,False,False,False,True,True,False,326,19,browser-locales
components/vcs/change-request-feedback.test.ts,browser-locales,review-english-browser,False,False,False,True,False,False,136,13,browser-locales
components/vcs/use-commit-dialog-state.test.tsx,browser-locales,review-english-browser,False,True,False,True,False,False,2,60,browser
components/vcs/vcs-change-request-dialog.test.tsx,browser-locales,review-english-browser,False,True,False,True,False,False,137,227,browser-locales
components/vcs/vcs-dialog-fields.test.tsx,browser-locales,review-english-browser,False,True,False,True,False,False,136,111,browser-locales
components/vcs/vcs-dialogs.commit.test.tsx,browser-locales,retain-full-or-review,False,True,False,True,True,False,175,2596,browser-locales
components/vcs/vcs-dialogs.test.ts,browser-locales,retain-full-or-review,False,False,False,True,True,False,175,11,browser-locales
components/watcher-repository-fields.test.tsx,browser-locales,review-english-browser,False,True,False,True,False,False,169,568,browser-locales
components/watches/reset-watch-dialog.test.tsx,browser-locales,review-english-browser,False,True,False,True,False,False,2,473,browser
components/watches/watcher-delete-action.test.tsx,browser-locales,review-english-browser,False,True,False,True,False,False,14,277,browser
components/workflow-selector-row.test.tsx,browser-locales,review-english-browser,False,True,False,True,False,False,17,590,browser
components/workspace-content-search.test.tsx,browser-locales,review-english-browser,False,True,False,True,False,False,137,70,browser-locales
components/workspace-scope-provider.test.tsx,browser-locales,review-english-browser,False,True,False,True,False,False,135,51,browser-locales
components/workspace-source-picker/executor-capabilities.test.ts,browser-locales,review-node,False,False,False,False,False,False,2,14,node
components/workspace-source-picker/workspace-source-state.test.ts,browser-locales,review-english-browser,False,False,False,True,False,False,6,11,browser
e2e/global-setup.test.ts,browser-locales,review-node,False,False,True,False,False,False,2,68,browser-locales
e2e/helpers/agent-fixtures.test.ts,browser-locales,review-node,False,False,False,False,False,False,2,6,node
e2e/helpers/api-client.test.ts,browser-locales,review-english-browser,False,False,False,True,False,False,6,1030,browser
e2e/helpers/causal-waits.test.ts,browser-locales,review-node,False,False,False,False,False,False,2,353,node
e2e/helpers/dynamic-unclassified-fallback.test.ts,browser-locales,review-english-browser,False,False,False,True,False,False,9,10,browser
e2e/helpers/git-helper.test.ts,browser-locales,review-english-browser,False,False,True,True,False,False,9,1583,browser-locales
e2e/helpers/github-origin.test.ts,browser-locales,review-node,False,False,False,False,False,False,2,1448,node
e2e/helpers/http-git-server.test.ts,browser-locales,review-node,False,False,True,False,False,False,2,3109,browser-locales
e2e/helpers/inline-script-json.test.ts,browser-locales,review-node,False,False,False,False,False,False,2,4,node
e2e/helpers/mobile-threads-swipe-helpers.test.ts,browser-locales,review-node,False,False,False,False,False,False,2,8,node
e2e/helpers/multi-pr-review.test.ts,browser-locales,review-node,False,False,False,False,False,False,4,6,node
e2e/helpers/multi-repo-managed-clone-recovery.test.ts,browser-locales,review-english-browser,False,False,False,True,False,False,13,1009,browser
e2e/helpers/navigation-response-hold.test.ts,browser-locales,review-node,False,False,False,False,False,False,2,11,node
e2e/helpers/plugin-git-credentials.test.ts,browser-locales,review-node,False,False,False,False,False,False,2,21,node
e2e/helpers/pr-asset-capture.test.ts,browser-locales,review-node,False,False,True,False,False,False,2,23,browser-locales
e2e/helpers/process-group.test.ts,browser-locales,review-node,False,False,False,False,False,False,2,11,node
e2e/helpers/provider-interruption-continuation.test.ts,browser-locales,review-node,False,False,False,False,False,False,4,11,browser-locales
e2e/helpers/session-entry-recovery.test.ts,browser-locales,review-english-browser,False,False,False,True,False,False,3,9,browser
e2e/helpers/session-stream-overload.test.ts,browser-locales,review-english-browser,False,False,False,True,False,False,2,8,browser
e2e/helpers/session.test.ts,browser-locales,review-english-browser,False,False,False,True,False,False,8,509,browser
e2e/helpers/sidebar-disclosure-request.test.ts,browser-locales,review-node,False,False,False,False,False,False,2,12,node
e2e/helpers/submodule-review-helpers.test.ts,browser-locales,review-node,False,False,False,False,False,False,3,308,node
e2e/helpers/task-navigation-helpers.test.ts,browser-locales,review-english-browser,False,False,False,True,False,False,14,11,browser
e2e/helpers/terminal-close-pause.test.ts,browser-locales,review-node,False,False,False,False,False,False,2,6,node
e2e/helpers/workflow-agent-switch-helpers.test.ts,browser-locales,review-english-browser,False,False,False,True,False,False,21,4,browser
e2e/scripts/e2e-timings.test.ts,browser-locales,review-node,False,False,False,False,False,False,2,17,node
e2e/scripts/flake-report.test.ts,browser-locales,review-english-browser,False,False,False,True,False,False,4,667,browser
e2e/scripts/kubernetes-fixture-policy.test.ts,browser-locales,review-node,False,False,True,False,False,False,6,15,browser-locales
e2e/scripts/kubernetes-helpers.test.ts,browser-locales,review-node,False,False,False,False,False,False,5,766,node
e2e/scripts/kubernetes-kubeconfig.test.ts,browser-locales,review-english-browser,False,True,False,True,False,False,2,6,browser
e2e/scripts/kubernetes-pins.test.ts,browser-locales,review-node,False,False,True,False,False,False,2,26,browser-locales
e2e/scripts/kubernetes-readiness.test.ts,browser-locales,review-english-browser,False,False,False,True,False,False,11,13,browser
e2e/scripts/plan-shards.test.ts,browser-locales,review-node,False,False,False,False,False,False,3,941,node
e2e/scripts/resource-guard.test.ts,browser-locales,review-node,False,False,False,False,False,False,1,1059,node
e2e/scripts/retry-summary.test.ts,browser-locales,review-node,False,False,True,False,False,False,3,19,browser-locales
e2e/scripts/run-e2e.test.ts,browser-locales,review-node,False,False,True,False,False,False,1,4340,browser-locales
e2e/scripts/run-planned-shard.test.ts,browser-locales,review-node,False,False,True,False,False,False,4,16,browser-locales
eslint-rules/no-task-link-bypass.test.ts,browser-locales,review-node,False,False,False,False,False,False,2,144,node
eslint-rules/no-unsanctioned-sleep.test.ts,browser-locales,review-node,False,False,False,False,False,False,2,191,node
eslint.i18n.options.test.ts,browser-locales,review-node,False,False,False,False,False,False,2,29,browser-locales
hooks/domains/azure-devops/use-azure-devops-board.test.tsx,browser-locales,review-english-browser,False,True,False,True,False,False,8,514,browser
hooks/domains/azure-devops/use-azure-devops-browse.test.tsx,browser-locales,review-english-browser,False,True,False,True,False,False,138,308,browser-locales
hooks/domains/azure-devops/use-azure-devops-enabled.test.ts,browser-locales,review-english-browser,False,True,False,True,False,False,6,55,browser
hooks/domains/azure-devops/use-azure-devops-preferences.test.tsx,browser-locales,review-english-browser,False,False,False,True,False,False,134,4,browser-locales
hooks/domains/azure-devops/use-azure-devops-projects.test.tsx,browser-locales,review-english-browser,False,True,False,True,False,False,8,82,browser
hooks/domains/azure-devops/use-azure-devops-saved-views.test.ts,browser-locales,review-english-browser,False,True,False,True,False,False,8,303,browser
hooks/domains/azure-devops/use-azure-devops-task-pull-requests.test.tsx,browser-locales,review-english-browser,False,True,False,True,False,False,136,456,browser-locales
hooks/domains/azure-devops/use-azure-devops-task-work-items.test.tsx,browser-locales,review-english-browser,False,True,False,True,False,False,136,73,browser-locales
hooks/domains/azure-devops/use-azure-devops-watches.test.ts,browser-locales,review-english-browser,False,False,False,True,False,False,8,9,browser
hooks/domains/azure-devops/use-azure-devops-work-item-detail.test.ts,browser-locales,review-english-browser,False,False,False,True,False,False,8,7,browser
hooks/domains/canvas/use-canvas-export-defaults.test.tsx,browser-locales,review-english-browser,False,True,False,True,False,False,7,234,browser
hooks/domains/canvas/use-canvas-install.test.ts,browser-locales,review-english-browser,False,True,False,True,False,False,7,41,browser
hooks/domains/canvas/use-canvas-share.test.ts,browser-locales,review-english-browser,False,True,False,True,False,False,10,32,browser
hooks/domains/comments/plan-comment-loading.test.ts,browser-locales,review-english-browser,False,True,False,True,False,False,135,102,browser-locales
hooks/domains/comments/plan-comment-migration.test.ts,browser-locales,review-english-browser,False,True,False,True,False,False,142,245,browser-locales
hooks/domains/comments/use-diff-comments.test.ts,browser-locales,review-english-browser,False,True,False,True,False,False,19,29,browser
hooks/domains/comments/use-markdown-preview-comments.test.ts,browser-locales,review-english-browser,False,True,False,True,False,False,174,11,browser-locales
hooks/domains/comments/use-pending-comments.test.ts,browser-locales,review-english-browser,False,True,False,True,False,False,148,72,browser-locales
hooks/domains/comments/use-plan-comment-migration.test.tsx,browser-locales,review-english-browser,False,True,False,True,False,False,171,491,browser-locales
hooks/domains/comments/use-plan-comments.test.tsx,browser-locales,review-english-browser,False,True,False,True,False,False,142,455,browser-locales
hooks/domains/comments/use-preview-feedback.test.tsx,browser-locales,review-english-browser,False,True,False,True,False,False,136,200,browser-locales
hooks/domains/comments/use-review-comments.test.ts,browser-locales,review-english-browser,False,True,False,True,False,False,20,36,browser
hooks/domains/comments/use-run-comment-legacy-recovery.test.tsx,browser-locales,review-english-browser,False,True,False,True,False,False,164,116,browser-locales
hooks/domains/comments/use-run-comment-primary-recovery.test.ts,browser-locales,review-english-browser,False,True,False,True,False,False,164,71,browser-locales
hooks/domains/comments/use-run-comment.test.ts,browser-locales,review-english-browser,False,True,False,True,False,False,165,199,browser-locales
hooks/domains/coordinator/activity-controller.test.ts,browser-locales,review-english-browser,False,False,False,True,False,False,7,94,browser
hooks/domains/coordinator/coordinator-path.test.ts,browser-locales,review-node,False,False,False,False,False,False,3,11,node
hooks/domains/coordinator/copilot-store.test.ts,browser-locales,review-english-browser,False,False,False,True,False,False,2,12,browser
hooks/domains/coordinator/use-action-summary.test.ts,browser-locales,review-english-browser,False,False,False,True,False,False,9,6,browser
hooks/domains/coordinator/use-activity-members.test.ts,browser-locales,review-english-browser,False,True,False,True,False,False,7,30,browser
hooks/domains/coordinator/use-activity.test.ts,browser-locales,review-english-browser,False,True,False,True,False,False,139,242,browser-locales
hooks/domains/coordinator/use-control-draft.test.tsx,browser-locales,retain-full-or-review,False,True,False,True,True,False,1155,504,browser-locales
hooks/domains/coordinator/use-coordinator-launcher.test.ts,browser-locales,review-english-browser,False,True,False,True,False,False,172,375,browser-locales
hooks/domains/coordinator/use-coordinator-section.test.ts,browser-locales,review-english-browser,False,True,False,True,False,False,7,31,browser
hooks/domains/coordinator/use-copilot-open-sequence.test.ts,browser-locales,review-english-browser,False,True,False,True,False,False,7,454,browser
hooks/domains/coordinator/use-goal.test.ts,browser-locales,review-english-browser,False,True,False,True,False,False,8,346,browser
hooks/domains/coordinator/use-proposal-decision.test.ts,browser-locales,review-english-browser,False,True,False,True,False,False,10,45,browser
hooks/domains/coordinator/use-proposal-edit-options.test.ts,browser-locales,review-english-browser,False,True,False,True,False,False,12,302,browser
hooks/domains/coordinator/use-proposal-workflow-names.test.ts,browser-locales,review-english-browser,False,True,False,True,False,False,7,195,browser
hooks/domains/coordinator/use-proposals.test.ts,browser-locales,review-english-browser,False,True,False,True,False,False,10,1704,browser
hooks/domains/coordinator/use-standing-orders.test.ts,browser-locales,review-english-browser,False,True,False,True,False,False,7,371,browser
hooks/domains/coordinator/workspace-copilot-store.test.ts,browser-locales,review-english-browser,False,False,False,True,False,False,3,13,browser
hooks/domains/failed-inbox/use-failed-inbox-controller.test.tsx,browser-locales,review-english-browser,False,True,False,True,False,False,137,204,browser-locales
hooks/domains/github/pr-feedback-resource.test.ts,browser-locales,review-english-browser,False,False,False,True,False,False,134,95,browser-locales
hooks/domains/github/task-pr-mutations.test.ts,browser-locales,review-english-browser,False,False,False,True,False,False,11,5,browser
hooks/domains/github/task-pr-sync-resource.test.ts,browser-locales,review-english-browser,False,False,False,True,False,False,133,85,browser-locales
hooks/domains/github/use-accessible-repos.test.ts,browser-locales,review-english-browser,False,True,False,True,False,False,10,411,browser
hooks/domains/github/use-branches-by-url.registry.test.ts,browser-locales,retain-full-or-review,False,True,False,True,True,False,24,521,browser-locales
hooks/domains/github/use-branches-by-url.test.ts,browser-locales,retain-full-or-review,False,True,False,True,True,False,24,1134,browser-locales
hooks/domains/github/use-github-app-registrations.test.tsx,browser-locales,review-english-browser,False,True,False,True,False,False,138,57,browser-locales
hooks/domains/github/use-github-enabled.test.ts,browser-locales,review-english-browser,False,True,False,True,False,False,6,45,browser
hooks/domains/github/use-github-status.test.tsx,browser-locales,review-english-browser,False,True,False,True,False,False,139,120,browser-locales
hooks/domains/github/use-hover-popover.test.ts,browser-locales,review-english-browser,False,True,False,True,False,False,3,48,browser
hooks/domains/github/use-issue-key-to-tasks.test.ts,browser-locales,review-english-browser,False,True,False,True,False,False,139,42,browser-locales
hooks/domains/github/use-issue-watches.test.ts,browser-locales,review-english-browser,False,True,False,True,False,False,138,74,browser-locales
hooks/domains/github/use-pr-ci-popover.test.ts,browser-locales,review-english-browser,False,True,False,True,False,False,140,1917,browser-locales
hooks/domains/github/use-pr-commits.test.ts,browser-locales,review-english-browser,False,True,False,True,False,False,136,536,browser-locales
hooks/domains/github/use-pr-diff.test.ts,browser-locales,review-english-browser,False,True,False,True,False,False,135,482,browser-locales
hooks/domains/github/use-pr-feedback.test.ts,browser-locales,review-english-browser,False,True,False,True,False,False,139,56,browser-locales
hooks/domains/github/use-pr-info-by-url.registry.test.ts,browser-locales,retain-full-or-review,False,True,False,True,True,False,21,522,browser-locales
hooks/domains/github/use-pr-info-by-url.test.ts,browser-locales,retain-full-or-review,False,True,False,True,True,False,21,908,browser-locales
hooks/domains/github/use-pr-key-to-tasks.scope.test.tsx,browser-locales,review-english-browser,False,True,False,True,False,False,153,253,browser-locales
hooks/domains/github/use-pr-key-to-tasks.test.ts,browser-locales,review-english-browser,False,True,False,True,False,False,145,71,browser-locales
hooks/domains/github/use-pr-review-repository-identity.test.tsx,browser-locales,review-english-browser,False,True,False,True,False,False,140,45,browser-locales
hooks/domains/github/use-pr-watch.test.ts,browser-locales,review-english-browser,False,True,False,True,False,False,138,58,browser-locales
hooks/domains/github/use-pr-workspace-scope.test.ts,browser-locales,review-english-browser,False,True,False,True,False,False,138,220,browser-locales
hooks/domains/github/use-repo-merge-methods.test.ts,browser-locales,review-english-browser,False,True,False,True,False,False,10,359,browser
hooks/domains/github/use-review-pr-selection.test.ts,browser-locales,review-english-browser,False,True,False,True,False,False,146,64,browser-locales
hooks/domains/github/use-review-watches.test.ts,browser-locales,review-english-browser,False,True,False,True,False,False,138,79,browser-locales
hooks/domains/github/use-task-ci-options.test.tsx,browser-locales,review-english-browser,False,True,False,True,False,False,138,399,browser-locales
hooks/domains/github/use-task-git-credentials.test.ts,browser-locales,review-english-browser,False,True,False,True,False,False,10,390,browser
hooks/domains/github/use-task-issues.test.ts,browser-locales,review-english-browser,False,True,False,True,False,False,138,92,browser-locales
hooks/domains/github/use-task-pr-tooltip-hydration.test.tsx,browser-locales,review-english-browser,False,True,False,True,False,False,139,124,browser-locales
hooks/domains/github/use-task-pr-unlink-menu.test.tsx,browser-locales,review-english-browser,False,True,False,True,False,False,150,87,browser-locales
hooks/domains/github/use-task-pr-unlink.test.tsx,browser-locales,review-english-browser,False,True,False,True,False,False,150,138,browser-locales
hooks/domains/github/use-task-pr.test.tsx,browser-locales,review-english-browser,False,True,False,True,False,False,144,94,browser-locales
hooks/domains/gitlab/request-identity.test.ts,browser-locales,review-node,False,False,False,False,False,False,2,4,node
hooks/domains/gitlab/use-gitlab-enabled.test.ts,browser-locales,review-english-browser,False,True,False,True,False,False,6,38,browser
hooks/domains/gitlab/use-gitlab-issue-watches.test.ts,browser-locales,review-english-browser,False,True,False,True,False,False,136,38,browser-locales
hooks/domains/gitlab/use-gitlab-review-watches.test.ts,browser-locales,review-english-browser,False,True,False,True,False,False,136,35,browser-locales
hooks/domains/gitlab/use-gitlab-status.test.ts,browser-locales,review-english-browser,False,True,False,True,False,False,136,215,browser-locales
hooks/domains/gitlab/use-mr-feedback.test.ts,browser-locales,review-english-browser,False,True,False,True,False,False,29,239,browser-locales
hooks/domains/gitlab/use-mr-key-to-tasks.test.ts,browser-locales,review-english-browser,False,True,False,True,False,False,143,42,browser-locales
hooks/domains/gitlab/use-task-mr-automation.test.tsx,browser-locales,review-english-browser,False,True,False,True,False,False,136,1131,browser-locales
hooks/domains/gitlab/use-task-mr.test.ts,browser-locales,review-english-browser,False,True,False,True,False,False,142,565,browser-locales
hooks/domains/inbox-history/use-inbox-history-controller.test.tsx,browser-locales,review-english-browser,False,True,False,True,False,False,138,311,browser-locales
hooks/domains/integrations/integration-health-resource.test.ts,browser-locales,review-english-browser,False,False,False,True,False,False,132,197,browser-locales
hooks/domains/integrations/use-enabled-integrations.test.ts,browser-locales,retain-full-or-review,False,True,False,True,True,False,167,59,browser-locales
hooks/domains/integrations/use-hide-disabled-integrations-in-nav.test.ts,browser-locales,review-english-browser,False,True,False,True,False,False,4,47,browser
hooks/domains/integrations/use-integration-availability.test.ts,browser-locales,review-english-browser,False,True,False,True,False,False,136,385,browser-locales
hooks/domains/integrations/use-integration-enabled.test.ts,browser-locales,review-english-browser,False,True,False,True,False,False,3,50,browser
hooks/domains/integrations/use-remote-repositories.test.tsx,browser-locales,retain-full-or-review,False,True,False,True,True,False,154,1384,browser-locales
hooks/domains/jira/use-jira-availability.test.ts,browser-locales,review-english-browser,False,True,False,True,False,False,142,398,browser-locales
hooks/domains/kanban/use-all-workflow-snapshots-inflight.test.ts,browser-locales,review-english-browser,False,True,False,True,False,False,159,637,browser-locales
hooks/domains/kanban/use-all-workflow-snapshots.signal-gated.test.ts,browser-locales,review-english-browser,False,True,False,True,False,False,159,71,browser-locales
hooks/domains/kanban/use-all-workflow-snapshots.test.ts,browser-locales,review-english-browser,False,True,False,True,False,False,159,1270,browser-locales
hooks/domains/kanban/use-change-workflow-data.test.ts,browser-locales,review-english-browser,False,True,False,True,False,False,42,237,browser-locales
hooks/domains/kanban/use-change-workflow-submit.test.ts,browser-locales,review-english-browser,False,True,False,True,False,False,47,45,browser-locales
hooks/domains/kanban/use-change-workflow.test.ts,browser-locales,review-english-browser,False,True,False,True,False,False,181,19,browser-locales
hooks/domains/kanban/use-column-natural-height.test.ts,browser-locales,review-english-browser,False,True,False,True,False,False,2,37,browser
hooks/domains/kanban/use-compact-swimlane-height.test.ts,browser-locales,review-english-browser,False,True,False,True,False,False,2,32,browser
hooks/domains/kanban/use-cross-step-move.test.ts,browser-locales,retain-full-or-review,False,True,False,True,True,False,520,23,browser-locales
hooks/domains/kanban/use-implement-fresh.test.ts,browser-locales,retain-full-or-review,False,True,False,True,True,False,197,78,browser-locales
hooks/domains/kanban/use-kanban-data.test.tsx,browser-locales,review-english-browser,False,True,False,True,False,False,167,80,browser-locales
hooks/domains/kanban/use-kanban-drag-scroll-anchor.test.ts,browser-locales,review-english-browser,False,False,False,True,False,False,2,8,browser
hooks/domains/kanban/use-kanban-overflow.test.ts,browser-locales,review-english-browser,False,True,False,True,False,False,2,33,browser
hooks/domains/kanban/use-keyboard-reorder.test.ts,browser-locales,review-english-browser,False,True,False,True,False,False,146,44,browser-locales
hooks/domains/kanban/use-plan-actions.runner.test.ts,browser-locales,retain-full-or-review,False,True,False,True,True,False,197,40,browser-locales
hooks/domains/kanban/use-plan-actions.test.ts,browser-locales,retain-full-or-review,False,True,False,True,True,False,197,48,browser-locales
hooks/domains/kanban/use-sidebar-store-tasks.test.tsx,browser-locales,review-english-browser,False,True,False,True,False,False,168,204,browser-locales
hooks/domains/kanban/use-sidebar-task-page.disclosure.test.tsx,browser-locales,review-english-browser,False,True,False,True,False,False,162,1216,browser-locales
hooks/domains/kanban/use-sidebar-task-page.removal.test.tsx,browser-locales,review-english-browser,False,True,False,True,False,False,216,827,browser-locales
hooks/domains/kanban/use-sidebar-task-page.test.tsx,browser-locales,review-english-browser,False,True,False,True,False,False,187,1338,browser-locales
hooks/domains/kanban/use-sidebar-task-progress.test.tsx,browser-locales,review-english-browser,False,True,False,True,False,False,187,756,browser-locales
hooks/domains/kanban/use-step-reorder-reconciliation.test.ts,browser-locales,review-english-browser,False,True,False,True,False,False,144,46,browser-locales
hooks/domains/kanban/use-step-reorder.test.ts,browser-locales,review-english-browser,False,True,False,True,False,False,144,40,browser-locales
hooks/domains/kanban/use-swimlane-kanban-dnd.test.ts,browser-locales,retain-full-or-review,False,True,False,True,True,False,520,31,browser-locales
hooks/domains/kanban/use-swimlane-move.test.ts,browser-locales,retain-full-or-review,False,True,False,True,True,False,229,29,browser-locales
hooks/domains/kanban/use-swimlane-render-data.test.tsx,browser-locales,review-english-browser,False,True,False,True,False,False,138,102,browser-locales
hooks/domains/kanban/use-task-move-guard.test.ts,browser-locales,review-english-browser,False,True,False,True,False,False,2,35,browser
hooks/domains/kanban/use-task-subtasks.test.tsx,browser-locales,review-english-browser,False,True,False,True,False,False,134,67,browser-locales
hooks/domains/kanban/use-workflow-move-preview-revision.test.ts,browser-locales,review-english-browser,False,True,False,True,False,False,135,29,browser-locales
hooks/domains/kanban/use-workflow-move-preview.test.ts,browser-locales,review-english-browser,False,True,False,True,False,False,158,63,browser-locales
hooks/domains/kanban/use-workflow-move.test.ts,browser-locales,review-english-browser,False,True,False,True,False,False,7,33,browser
hooks/domains/kanban/use-workflow-step-move.test.ts,browser-locales,retain-full-or-review,False,True,False,True,True,False,202,73,browser-locales
hooks/domains/kanban/use-workflow-step-progress.test.ts,browser-locales,review-english-browser,False,False,False,True,False,False,134,17,browser-locales
hooks/domains/kanban/use-workflow-steps-by-id.test.ts,browser-locales,review-english-browser,False,True,False,True,False,False,134,34,browser-locales
hooks/domains/kanban/use-workspace-sidebar-tasks.removal.test.tsx,browser-locales,review-english-browser,False,True,False,True,False,False,168,56,browser-locales
hooks/domains/kanban/use-workspace-sidebar-tasks.test.ts,browser-locales,review-english-browser,False,True,False,True,False,False,168,47,browser-locales
hooks/domains/linear/use-linear-enabled.test.ts,browser-locales,review-english-browser,False,True,False,True,False,False,5,45,browser
hooks/domains/needs-you-inbox/use-needs-you-inbox-controller.test.tsx,browser-locales,review-english-browser,False,True,False,True,False,False,140,617,browser-locales
hooks/domains/office/office-diagnostic-workspace-reads.test.tsx,browser-locales,review-english-browser,False,True,False,True,False,False,140,2173,browser-locales
hooks/domains/office/use-office-config-sync-active.test.ts,browser-locales,review-english-browser,False,True,False,True,False,False,138,80,browser-locales
hooks/domains/office/use-office-config-sync.test.ts,browser-locales,retain-full-or-review,False,True,False,True,True,False,1155,679,browser-locales
hooks/domains/office/use-provider-health-snapshot-loads.test.tsx,browser-locales,review-english-browser,False,True,False,True,False,False,141,212,browser-locales
hooks/domains/office/use-task-quorum.test.ts,browser-locales,review-english-browser,False,True,False,True,False,False,140,49,browser-locales
hooks/domains/office/use-workspace-pause.test.tsx,browser-locales,review-english-browser,False,True,False,True,False,False,135,126,browser-locales
hooks/domains/office/use-workspace-routing.test.tsx,browser-locales,review-english-browser,False,True,False,True,False,False,139,91,browser-locales
hooks/domains/plugins/use-auto-update-settings.test.ts,browser-locales,review-english-browser,False,True,False,True,False,False,11,249,browser
hooks/domains/plugins/use-marketplace.test.ts,browser-locales,review-english-browser,False,True,False,True,False,False,9,235,browser
hooks/domains/plugins/use-plugin-setup-status.test.ts,browser-locales,review-english-browser,False,True,False,True,False,False,8,307,browser
hooks/domains/plugins/use-plugin-updates.test.ts,browser-locales,review-english-browser,False,True,False,True,False,False,9,936,browser
hooks/domains/review/use-finding-actions.test.tsx,browser-locales,retain-full-or-review,False,True,False,True,True,False,264,739,browser-locales
hooks/domains/sentry/use-sentry-availability.test.tsx,browser-locales,review-english-browser,False,True,False,True,False,False,142,113,browser-locales
hooks/domains/sentry/use-sentry-enabled.test.ts,browser-locales,review-english-browser,False,True,False,True,False,False,5,52,browser
hooks/domains/session/branch-scoped-task-pr.test.ts,browser-locales,review-node,False,False,False,False,False,False,3,8,node
hooks/domains/session/environment-live-resource.test.ts,browser-locales,review-english-browser,False,False,False,True,False,False,7,68,browser
hooks/domains/session/git-change-facets.test.ts,browser-locales,review-node,False,False,False,False,False,False,2,7,node
hooks/domains/session/git-status-refresh-coordinator.test.ts,browser-locales,review-english-browser,False,False,False,True,False,False,141,713,browser-locales
hooks/domains/session/load-message-window.test.ts,browser-locales,review-english-browser,False,False,False,True,False,False,13,11,browser
hooks/domains/session/message-window-reconciliation.test.ts,browser-locales,review-node,False,False,False,False,False,False,6,38,node
hooks/domains/session/older-message-pagination.test.ts,browser-locales,review-english-browser,False,False,False,True,False,False,42,23,browser-locales
hooks/domains/session/remote-contribution-relation.test.ts,browser-locales,review-node,False,False,False,False,False,False,2,11,node
hooks/domains/session/remote-executor-status-resource.test.ts,browser-locales,review-english-browser,False,True,False,True,False,False,11,56,browser
hooks/domains/session/remote-executor-status-transport.test.ts,browser-locales,review-english-browser,False,False,False,True,False,False,11,14,browser
hooks/domains/session/session-input-mode.test.ts,browser-locales,review-node,False,False,False,False,False,False,5,9,node
hooks/domains/session/session-state-reconciler.test.ts,browser-locales,review-english-browser,False,False,False,True,False,False,163,274,browser-locales
hooks/domains/session/use-automatic-recovery-chat-owner.test.tsx,browser-locales,review-english-browser,False,True,False,True,False,False,141,85,browser-locales
hooks/domains/session/use-background-work.test.ts,browser-locales,review-english-browser,False,True,False,True,False,False,137,78,browser-locales
hooks/domains/session/use-clarification-group.regressions.test.ts,browser-locales,review-english-browser,False,True,False,True,False,False,138,83,browser-locales
hooks/domains/session/use-clarification-group.test.ts,browser-locales,review-english-browser,False,True,False,True,False,False,138,113,browser-locales
hooks/domains/session/use-clarification-group.timeout.test.ts,browser-locales,review-english-browser,False,True,False,True,False,False,138,83,browser-locales
hooks/domains/session/use-commit-detail.lifecycle.test.tsx,browser-locales,review-english-browser,False,True,False,True,False,False,143,159,browser-locales
hooks/domains/session/use-commit-detail.test.ts,browser-locales,review-english-browser,False,True,False,True,False,False,143,356,browser-locales
hooks/domains/session/use-contribution-history-explanation.test.tsx,browser-locales,review-english-browser,False,True,False,True,False,False,4,310,browser
hooks/domains/session/use-cumulative-diff.test.ts,browser-locales,review-english-browser,False,True,False,True,False,False,138,98,browser-locales
hooks/domains/session/use-dev-server-preview.test.ts,browser-locales,review-english-browser,False,True,False,True,False,False,158,39,browser-locales
hooks/domains/session/use-ensure-default-terminal-ordinary.test.ts,browser-locales,retain-full-or-review,False,True,False,True,True,False,179,30,browser-locales
hooks/domains/session/use-ensure-task-session.test.ts,browser-locales,review-english-browser,False,True,False,True,False,False,160,52,browser-locales
hooks/domains/session/use-executor-environment-availability.test.ts,browser-locales,review-english-browser,False,True,False,True,False,False,137,89,browser-locales
hooks/domains/session/use-message-favorite.test.ts,browser-locales,review-english-browser,False,True,False,True,False,False,15,35,browser
hooks/domains/session/use-mobile-terminals.test.ts,browser-locales,review-english-browser,False,True,False,True,False,False,166,45,browser-locales
hooks/domains/session/use-plan-draft.save-ack.test.tsx,browser-locales,retain-full-or-review,False,True,False,True,True,False,148,271,browser-locales
hooks/domains/session/use-queue-refetch-race.test.ts,browser-locales,review-english-browser,False,True,False,True,False,False,140,76,browser-locales
hooks/domains/session/use-queue-reorder.test.ts,browser-locales,review-english-browser,False,True,False,True,False,False,140,35,browser-locales
hooks/domains/session/use-queue-retry.test.ts,browser-locales,review-english-browser,False,True,False,True,False,False,140,21,browser-locales
hooks/domains/session/use-queue.plan-comments.test.ts,browser-locales,review-english-browser,False,True,False,True,False,False,140,36,browser-locales
hooks/domains/session/use-queue.test.ts,browser-locales,review-english-browser,False,True,False,True,False,False,140,191,browser-locales
hooks/domains/session/use-remote-contribution-relation.test.tsx,browser-locales,review-english-browser,False,True,False,True,False,False,157,27,browser-locales
hooks/domains/session/use-repo-display-name.test.ts,browser-locales,review-node,False,False,False,False,False,False,1,5,node
hooks/domains/session/use-request-changes-walkthrough.test.ts,browser-locales,review-english-browser,False,True,False,True,False,False,168,46,browser-locales
hooks/domains/session/use-review-sources-facets.test.ts,browser-locales,review-english-browser,False,False,False,True,False,False,158,7,browser-locales
hooks/domains/session/use-review-sources-normalization.test.ts,browser-locales,review-english-browser,False,False,False,True,False,False,158,10,browser-locales
hooks/domains/session/use-review-sources-scoped.test.ts,browser-locales,review-english-browser,False,False,False,True,False,False,158,6,browser-locales
hooks/domains/session/use-review-sources.test.ts,browser-locales,review-english-browser,False,False,False,True,False,False,158,19,browser-locales
hooks/domains/session/use-scoped-stage-operations.test.ts,browser-locales,review-english-browser,False,True,False,True,False,False,2,27,browser
hooks/domains/session/use-session-actions.test.ts,browser-locales,review-english-browser,False,True,False,True,False,False,142,52,browser-locales
hooks/domains/session/use-session-changes-count.test.ts,browser-locales,review-english-browser,False,True,False,True,False,False,140,69,browser-locales
hooks/domains/session/use-session-commits.test.ts,browser-locales,review-english-browser,False,True,False,True,False,False,138,196,browser-locales
hooks/domains/session/use-session-context-window.test.ts,browser-locales,review-english-browser,False,True,False,True,False,False,136,18,browser-locales
hooks/domains/session/use-session-git-derived.test.ts,browser-locales,review-node,False,False,False,False,False,False,2,9,node
hooks/domains/session/use-session-git-grouping.test.ts,browser-locales,review-english-browser,False,False,False,True,False,False,147,10,browser-locales
hooks/domains/session/use-session-git-pending.test.tsx,browser-locales,review-english-browser,False,True,False,True,False,False,147,362,browser-locales
hooks/domains/session/use-session-git-refresh.test.tsx,browser-locales,review-english-browser,False,True,False,True,False,False,143,206,browser-locales
hooks/domains/session/use-session-git-repository-order.test.ts,browser-locales,review-node,False,False,False,False,False,False,2,7,node
hooks/domains/session/use-session-git-status.test.tsx,browser-locales,review-english-browser,False,True,False,True,False,False,135,32,browser-locales
hooks/domains/session/use-session-git-summary.test.ts,browser-locales,review-english-browser,False,False,False,True,False,False,137,9,browser-locales
hooks/domains/session/use-session-launch.test.ts,browser-locales,retain-full-or-review,False,True,False,True,True,False,24,26,browser-locales
hooks/domains/session/use-session-message-fetch.test.ts,browser-locales,review-english-browser,False,False,False,True,False,False,2,17,browser
hooks/domains/session/use-session-messages.live-refresh.test.tsx,browser-locales,retain-full-or-review,False,True,False,True,True,False,168,545,browser-locales
hooks/domains/session/use-session-messages.test.ts,browser-locales,retain-full-or-review,False,True,False,True,True,False,155,539,browser-locales
hooks/domains/session/use-session-model.test.ts,browser-locales,review-english-browser,False,True,False,True,False,False,134,16,browser-locales
hooks/domains/session/use-session-recovery-actions-guard.test.ts,browser-locales,retain-full-or-review,False,True,False,True,True,False,151,86,browser-locales
hooks/domains/session/use-session-recovery-actions-inspection-contention.test.ts,browser-locales,retain-full-or-review,False,True,False,True,True,False,151,30,browser-locales
hooks/domains/session/use-session-recovery-actions-workspace-recovery.test.ts,browser-locales,retain-full-or-review,False,True,False,True,True,False,151,44,browser-locales
hooks/domains/session/use-session-recovery-actions.test.ts,browser-locales,retain-full-or-review,False,True,False,True,True,False,151,129,browser-locales
hooks/domains/session/use-session-recovery-feedback.test.ts,browser-locales,review-english-browser,False,True,False,True,False,False,2,26,browser
hooks/domains/session/use-session-recovery.test.tsx,browser-locales,retain-full-or-review,False,True,False,True,True,False,155,32,browser-locales
hooks/domains/session/use-session-resumption-guard-refusal.test.ts,browser-locales,retain-full-or-review,False,False,False,True,True,False,28,11,browser-locales
hooks/domains/session/use-session-resumption-inspection-contention.test.ts,browser-locales,retain-full-or-review,False,False,False,True,True,False,28,13,browser-locales
hooks/domains/session/use-session-resumption.archive.test.ts,browser-locales,retain-full-or-review,False,True,False,True,True,False,156,173,browser-locales
hooks/domains/session/use-session-resumption.navigation.test.ts,browser-locales,retain-full-or-review,False,True,False,True,True,False,156,56,browser-locales
hooks/domains/session/use-session-resumption.test.ts,browser-locales,retain-full-or-review,False,True,False,True,True,False,156,665,browser-locales
hooks/domains/session/use-session-search-ownership.test.tsx,browser-locales,retain-full-or-review,False,True,False,True,True,False,28,135,browser-locales
hooks/domains/session/use-session-search.test.ts,browser-locales,review-english-browser,False,True,False,True,False,False,10,105,browser
hooks/domains/session/use-session-state.test.ts,browser-locales,review-english-browser,False,True,False,True,False,False,172,41,browser-locales
hooks/domains/session/use-session-subscription-retry.test.ts,browser-locales,review-english-browser,False,True,False,True,False,False,4,48,browser
hooks/domains/session/use-session-turns-hydration.test.ts,browser-locales,review-english-browser,False,False,False,True,False,False,138,2557,browser-locales
hooks/domains/session/use-session-turns.test.ts,browser-locales,review-english-browser,False,True,False,True,False,False,138,306,browser-locales
hooks/domains/session/use-session-worktrees.test.ts,browser-locales,review-english-browser,False,False,False,True,False,False,168,9,browser-locales
hooks/domains/session/use-session.test.ts,browser-locales,review-english-browser,False,True,False,True,False,False,167,56,browser-locales
hooks/domains/session/use-shares.test.tsx,browser-locales,review-english-browser,False,True,False,True,False,False,7,138,browser
hooks/domains/session/use-shell-command-output.test.ts,browser-locales,review-english-browser,False,True,False,True,False,False,12,72,browser
hooks/domains/session/use-task-environment.test.tsx,browser-locales,review-english-browser,False,True,False,True,False,False,141,420,browser-locales
hooks/domains/session/use-task-executor-profile.test.ts,browser-locales,review-english-browser,False,True,False,True,False,False,135,42,browser-locales
hooks/domains/session/use-task-focus.test.ts,browser-locales,review-english-browser,False,True,False,True,False,False,135,34,browser-locales
hooks/domains/session/use-task-plan.test.ts,browser-locales,retain-full-or-review,False,True,False,True,True,False,147,133,browser-locales
hooks/domains/session/use-terminal-destroy.test.ts,browser-locales,review-english-browser,False,True,False,True,False,False,165,51,browser-locales
hooks/domains/session/use-terminals-build.test.ts,browser-locales,review-english-browser,False,False,False,True,False,False,4,6,browser
hooks/domains/session/use-terminals-shell-state.test.tsx,browser-locales,review-english-browser,False,True,False,True,False,False,166,220,browser-locales
hooks/domains/session/use-user-shells.test.tsx,browser-locales,review-english-browser,False,True,False,True,False,False,140,111,browser-locales
hooks/domains/session/use-visibility-backfill.test.ts,browser-locales,retain-full-or-review,False,True,False,True,True,False,155,50,browser-locales
hooks/domains/session/use-workspace-content-search.test.ts,browser-locales,review-english-browser,False,True,False,True,False,False,4,60,browser
hooks/domains/session/use-workspace-file-preview.test.ts,browser-locales,review-english-browser,False,True,False,True,False,False,4,34,browser
hooks/domains/session/use-workspace-restoration.test.ts,browser-locales,retain-full-or-review,False,True,False,True,True,False,149,41,browser-locales
hooks/domains/settings/agent-list-resource.test.ts,browser-locales,review-english-browser,False,False,False,True,False,False,154,85,browser-locales
hooks/domains/settings/use-agent-mcp-discovery.test.tsx,browser-locales,review-english-browser,False,True,False,True,False,False,9,135,browser
hooks/domains/settings/use-agent-runtime-update-statuses.test.tsx,browser-locales,review-english-browser,False,True,False,True,False,False,136,196,browser-locales
hooks/domains/settings/use-agent-runtime-updates.test.tsx,browser-locales,review-english-browser,False,True,False,True,False,False,157,83,browser-locales
hooks/domains/settings/use-automation-runs-delete.test.ts,browser-locales,review-english-browser,False,True,False,True,False,False,139,76,browser-locales
hooks/domains/settings/use-automation-runs.test.ts,browser-locales,review-english-browser,False,True,False,True,False,False,139,53,browser-locales
hooks/domains/settings/use-automations.test.tsx,browser-locales,retain-full-or-review,False,True,False,True,True,False,160,994,browser-locales
hooks/domains/settings/use-collapsed-agent-blocks.test.ts,browser-locales,review-english-browser,False,True,False,True,False,False,3,169,browser
hooks/domains/settings/use-coordinator.test.ts,browser-locales,review-english-browser,False,True,False,True,False,False,135,342,browser-locales
hooks/domains/settings/use-coordinators.lifetime.test.tsx,browser-locales,review-english-browser,False,True,False,True,False,False,135,148,browser-locales
hooks/domains/settings/use-coordinators.test.ts,browser-locales,review-english-browser,False,True,False,True,False,False,135,159,browser-locales
hooks/domains/settings/use-custom-prompts.test.tsx,browser-locales,review-english-browser,False,True,False,True,False,False,158,103,browser-locales
hooks/domains/settings/use-dynamic-models.test.ts,browser-locales,review-english-browser,False,True,False,True,False,False,15,951,browser
hooks/domains/settings/use-editors.test.ts,browser-locales,review-english-browser,False,True,False,True,False,False,158,2042,browser-locales
hooks/domains/settings/use-healthy-agent-profiles.test.ts,browser-locales,review-english-browser,False,True,False,True,False,False,135,27,browser-locales
hooks/domains/settings/use-hide-disabled-agent-profiles-in-nav.test.ts,browser-locales,review-english-browser,False,True,False,True,False,False,4,42,browser
hooks/domains/settings/use-kubernetes-settings.test.tsx,browser-locales,review-english-browser,False,True,False,True,False,False,138,146,browser-locales
hooks/domains/settings/use-notification-providers.test.tsx,browser-locales,review-english-browser,False,True,False,True,False,False,157,37,browser-locales
hooks/domains/settings/use-profile-capability-discovery.test.tsx,browser-locales,review-english-browser,False,True,False,True,False,False,9,449,browser
hooks/domains/settings/use-profile-duplicate.test.ts,browser-locales,review-english-browser,False,True,False,True,False,False,141,40,browser-locales
hooks/domains/settings/use-profile-enabled-toggle.test.ts,browser-locales,review-english-browser,False,True,False,True,False,False,140,17,browser-locales
hooks/domains/settings/use-profile-model-capabilities.test.tsx,browser-locales,review-english-browser,False,True,False,True,False,False,142,500,browser-locales
hooks/domains/settings/use-save-executor-connection.test.ts,browser-locales,review-english-browser,False,True,False,True,False,False,134,27,browser-locales
hooks/domains/settings/use-secret-destination-names.lifetime.test.tsx,browser-locales,review-english-browser,False,True,False,True,False,False,135,113,browser-locales
hooks/domains/settings/use-secret-destination-names.test.ts,browser-locales,review-english-browser,False,True,False,True,False,False,135,95,browser-locales
hooks/domains/settings/use-secrets.lifetime.test.tsx,browser-locales,review-english-browser,False,True,False,True,False,False,135,189,browser-locales
hooks/domains/settings/use-secrets.test.ts,browser-locales,review-english-browser,False,True,False,True,False,False,135,33,browser-locales
hooks/domains/settings/use-settings-data.test.tsx,browser-locales,review-english-browser,False,True,False,True,False,False,158,127,browser-locales
hooks/domains/settings/use-settings-discovery.test.ts,browser-locales,review-english-browser,False,True,False,True,False,False,149,73,browser-locales
hooks/domains/settings/use-settings-tab.test.ts,browser-locales,review-english-browser,False,False,False,True,False,False,6,6,browser
hooks/domains/settings/use-sleep-inhibition-settings.test.tsx,browser-locales,retain-full-or-review,False,True,False,True,True,False,1154,202,browser-locales
hooks/domains/settings/use-ssh-reachability.lifetime.test.tsx,browser-locales,review-english-browser,False,True,False,True,False,False,144,335,browser-locales
hooks/domains/settings/use-ssh-reachability.timestamps.test.tsx,browser-locales,review-english-browser,False,True,False,True,False,False,144,241,browser-locales
hooks/domains/settings/use-workflow-settings.test.ts,browser-locales,review-english-browser,False,True,False,True,False,False,136,81,browser-locales
hooks/domains/settings/use-workflow-sync.lifetime.test.tsx,browser-locales,review-english-browser,False,True,False,True,False,False,148,2221,browser-locales
hooks/domains/settings/use-workflow-sync.test.ts,browser-locales,review-english-browser,False,True,False,True,False,False,147,629,browser-locales
hooks/domains/settings/use-workspace-destinations.test.ts,browser-locales,review-english-browser,False,True,False,True,False,False,136,38,browser-locales
hooks/domains/settings/use-workspace-secret-options.test.ts,browser-locales,review-english-browser,False,True,False,True,False,False,7,24,browser
hooks/domains/sidebar/use-effective-sidebar-view.test.ts,browser-locales,review-english-browser,False,True,False,True,False,False,134,15,browser-locales
hooks/domains/sidebar/use-shortcut-activity.test.ts,browser-locales,review-english-browser,False,True,False,True,False,False,12,24,browser
hooks/domains/sidebar/use-sidebar-customization.test.ts,browser-locales,review-english-browser,False,True,False,True,False,False,141,45,browser-locales
hooks/domains/sidebar/use-sidebar-hover-reveal.test.ts,browser-locales,review-english-browser,False,True,False,True,False,False,3,128,browser
hooks/domains/sidebar/use-sidebar-shortcut-catalog.test.ts,browser-locales,retain-full-or-review,False,True,False,True,True,False,195,83,browser-locales
hooks/domains/sidebar/use-sidebar-task-prefs.test.tsx,browser-locales,review-english-browser,False,True,False,True,False,False,141,16,browser-locales
hooks/domains/system/backup-list-query.test.ts,browser-locales,review-english-browser,False,False,False,True,False,False,138,16,browser-locales
hooks/domains/system/backup-preparation-correlation.test.ts,browser-locales,review-node,False,False,False,False,False,False,2,9,node
hooks/domains/system/disk-usage-query-options.test.ts,browser-locales,review-english-browser,False,False,False,True,False,False,138,9,browser-locales
hooks/domains/system/disk-usage-query.test.ts,browser-locales,review-english-browser,False,False,False,True,False,False,134,6,browser-locales
hooks/domains/system/use-backend-generation-guard.test.ts,browser-locales,review-english-browser,False,True,False,True,False,False,135,111,browser-locales
hooks/domains/system/use-backups-freshness.test.tsx,browser-locales,review-english-browser,False,True,False,True,False,False,139,118,browser-locales
hooks/domains/system/use-backups.test.tsx,browser-locales,review-english-browser,False,True,False,True,False,False,156,776,browser-locales
hooks/domains/system/use-database-stats.test.ts,browser-locales,review-english-browser,False,True,False,True,False,False,138,807,browser-locales
hooks/domains/system/use-desktop-updater.test.ts,browser-locales,review-english-browser,False,True,False,True,False,False,8,39,browser
hooks/domains/system/use-disk-usage.test.tsx,browser-locales,review-english-browser,False,True,False,True,False,False,139,451,browser-locales
hooks/domains/system/use-kandev-restart.test.ts,browser-locales,review-english-browser,False,True,False,True,False,False,9,44,browser
hooks/domains/system/use-restart-capability.test.ts,browser-locales,review-english-browser,False,True,False,True,False,False,7,80,browser
hooks/domains/system/use-self-update.test.ts,browser-locales,review-english-browser,False,True,False,True,False,False,9,105,browser
hooks/domains/system/use-startup-progress.test.ts,browser-locales,review-english-browser,False,True,False,True,False,False,7,214,browser
hooks/domains/system/use-storage-maintenance-temporary-capacity.test.tsx,browser-locales,review-english-browser,False,True,False,True,False,False,147,122,browser-locales
hooks/domains/system/use-storage-maintenance-terminal-refresh.test.tsx,browser-locales,review-english-browser,False,True,False,True,False,False,147,1173,browser-locales
hooks/domains/system/use-storage-maintenance.test.tsx,browser-locales,review-english-browser,False,True,False,True,False,False,147,1206,browser-locales
hooks/domains/system/use-system-badge-count.test.ts,browser-locales,review-english-browser,False,True,False,True,False,False,138,29,browser-locales
hooks/domains/system/use-system-info.test.tsx,browser-locales,review-english-browser,False,True,False,True,False,False,138,242,browser-locales
hooks/domains/system/use-tool-payload-retention-draft.test.tsx,browser-locales,retain-full-or-review,False,True,False,True,True,False,1154,33,browser-locales
hooks/domains/system/use-tool-payload-retention.test.ts,browser-locales,review-english-browser,False,True,False,True,False,False,142,1038,browser-locales
hooks/domains/system/use-updates.test.ts,browser-locales,review-english-browser,False,True,False,True,False,False,135,62,browser-locales
hooks/domains/task/use-composer-workspace.test.ts,browser-locales,review-english-browser,False,True,False,True,False,False,136,390,browser-locales
hooks/domains/task/use-task-canvases.test.ts,browser-locales,review-english-browser,False,True,False,True,False,False,136,486,browser-locales
hooks/domains/task/use-task-edit-dialog-dependencies.test.ts,browser-locales,review-english-browser,False,True,False,True,False,False,8,1288,browser
hooks/domains/task/use-task-status-summary.test.ts,browser-locales,review-english-browser,False,False,False,True,False,False,134,7,browser-locales
hooks/domains/workspace/use-discovery-root-actions.integration.test.tsx,browser-locales,review-english-browser,False,True,False,True,False,False,23,70,browser
hooks/domains/workspace/use-external-vcs-file-link.gitlab-host.test.tsx,browser-locales,review-english-browser,False,True,False,True,False,False,158,50,browser-locales
hooks/domains/workspace/use-external-vcs-file-link.test.tsx,browser-locales,review-english-browser,False,True,False,True,False,False,158,83,browser-locales
hooks/domains/workspace/use-repositories.test.ts,browser-locales,review-english-browser,False,True,False,True,False,False,157,2204,browser-locales
hooks/domains/workspace/use-repository-branch-policies.test.tsx,browser-locales,review-english-browser,False,True,False,True,False,False,157,135,browser-locales
hooks/domains/workspace/use-repository-branches.test.tsx,browser-locales,review-english-browser,False,True,False,True,False,False,160,249,browser-locales
hooks/domains/workspace/use-repository-checkout-capabilities.test.ts,browser-locales,review-english-browser,False,True,False,True,False,False,7,173,browser
hooks/domains/workspace/use-repository-discovery.integration.test.tsx,browser-locales,review-english-browser,False,True,False,True,False,False,12,20,browser
hooks/domains/workspace/use-repository-discovery.mutation.test.ts,browser-locales,review-english-browser,False,True,False,True,False,False,11,32,browser
hooks/domains/workspace/use-repository-discovery.test.ts,browser-locales,review-english-browser,False,True,False,True,False,False,11,174,browser
hooks/domains/workspace/use-repository-sets.test.ts,browser-locales,review-english-browser,False,True,False,True,False,False,157,135,browser-locales
hooks/file-editors-sync.ownership.test.tsx,browser-locales,retain-full-or-review,False,True,False,True,True,False,221,220,browser-locales
hooks/file-editors-sync.test.ts,browser-locales,retain-full-or-review,False,True,False,True,True,False,89,54,browser-locales
hooks/processed-message-filtering.test.ts,browser-locales,review-node,False,False,False,False,False,False,7,22,node
hooks/use-app-destinations.test.tsx,browser-locales,retain-full-or-review,False,True,False,True,True,False,185,40,browser-locales
hooks/use-app-shortcuts.test.ts,browser-locales,review-english-browser,False,True,False,True,False,False,144,62,browser-locales
hooks/use-automation-trigger-types.test.ts,browser-locales,review-english-browser,False,True,False,True,False,False,136,67,browser-locales
hooks/use-change-request-provider-target.test.tsx,browser-locales,retain-full-or-review,False,True,False,True,True,False,143,62,browser-locales
hooks/use-chat-motion.test.tsx,browser-locales,review-english-browser,False,True,False,True,False,False,134,27,browser-locales
hooks/use-clarification-escape-guard.test.tsx,browser-locales,review-english-browser,False,True,False,True,False,False,2,35,browser
hooks/use-command-panel-shortcuts.test.ts,browser-locales,review-english-browser,False,True,False,True,False,False,138,21,browser-locales
hooks/use-command-panel-task-navigation.test.ts,browser-locales,review-english-browser,False,True,False,True,False,False,9,17,browser
hooks/use-command-panel-task-results.test.ts,browser-locales,review-english-browser,False,True,False,True,False,False,169,901,browser-locales
hooks/use-compact-task-chrome.test.ts,browser-locales,review-english-browser,False,False,False,True,False,False,3,6,browser
hooks/use-content-search-result-opener.test.ts,browser-locales,retain-full-or-review,False,True,False,True,True,False,90,22,browser-locales
hooks/use-copy-to-clipboard.test.ts,browser-locales,review-english-browser,False,True,False,True,False,False,3,101,browser
hooks/use-detach-task.test.tsx,browser-locales,review-english-browser,False,True,False,True,False,False,44,21,browser-locales
hooks/use-drag-and-drop.test.ts,browser-locales,retain-full-or-review,False,True,False,True,True,False,229,25,browser-locales
hooks/use-editor-keybinds.test.ts,browser-locales,retain-full-or-review,False,True,False,True,True,False,183,18,browser-locales
hooks/use-ensure-task-session.test.ts,browser-locales,review-english-browser,False,True,False,True,False,False,138,153,browser-locales
hooks/use-ensure-user-settings.test.ts,browser-locales,review-english-browser,False,True,False,True,False,False,134,357,browser-locales
hooks/use-entity-reference-search.test.ts,browser-locales,review-english-browser,False,True,False,True,False,False,9,39,browser
hooks/use-environment-session-id.test.ts,browser-locales,review-english-browser,False,True,False,True,False,False,134,25,browser-locales
hooks/use-file-editors.build-state.test.ts,browser-locales,retain-full-or-review,False,False,False,True,True,False,65,14,browser-locales
hooks/use-file-editors.mutation-ownership.test.tsx,browser-locales,retain-full-or-review,False,True,False,True,True,False,216,178,browser-locales
hooks/use-file-editors.open-action.test.tsx,browser-locales,retain-full-or-review,False,True,False,True,True,False,216,38,browser-locales
hooks/use-file-editors.test.tsx,browser-locales,retain-full-or-review,False,True,False,True,True,False,216,54,browser-locales
hooks/use-file-operations.test.ts,browser-locales,review-english-browser,False,False,False,True,False,False,21,10,browser
hooks/use-file-save-delete.test.ts,browser-locales,retain-full-or-review,False,True,False,True,True,False,88,33,browser-locales
hooks/use-file-upload.test.ts,browser-locales,review-english-browser,False,True,False,True,False,False,8,1048,browser
hooks/use-foreground-refresh.test.ts,browser-locales,review-english-browser,False,True,False,True,False,False,2,25,browser
hooks/use-git-operations.test.ts,browser-locales,review-english-browser,False,False,False,True,False,False,135,15,browser-locales
hooks/use-git-with-feedback.test.tsx,browser-locales,review-english-browser,False,True,False,True,False,False,16,79,browser
hooks/use-home-affordance.test.ts,browser-locales,retain-full-or-review,False,True,False,True,True,False,186,33,browser-locales
hooks/use-html-preview-publisher.test.ts,browser-locales,review-english-browser,False,True,False,True,False,False,7,30,browser
hooks/use-in-office.test.ts,browser-locales,review-english-browser,False,True,False,True,False,False,137,28,browser-locales
hooks/use-inline-mention.test.ts,browser-locales,review-english-browser,False,True,False,True,False,False,161,43,browser-locales
hooks/use-integration-shortcuts.test.ts,browser-locales,retain-full-or-review,False,True,False,True,True,False,196,65,browser-locales
hooks/use-is-title-truncated.test.tsx,browser-locales,review-english-browser,False,True,False,True,False,False,2,33,browser
hooks/use-is-utility-configured.test.ts,browser-locales,review-english-browser,False,False,False,True,False,False,134,6,browser-locales
hooks/use-kanban-display-settings.test.ts,browser-locales,review-english-browser,False,True,False,True,False,False,170,44,browser-locales
hooks/use-kanban-preview.test.ts,browser-locales,review-english-browser,False,True,False,True,False,False,13,47,browser
hooks/use-keyboard-shortcut.test.ts,browser-locales,review-english-browser,False,True,False,True,False,False,3,18,browser
hooks/use-late-clarification-message.test.tsx,browser-locales,review-english-browser,False,True,False,True,False,False,159,152,browser-locales
hooks/use-latest-only.test.ts,browser-locales,review-english-browser,False,True,False,True,False,False,2,17,browser
hooks/use-lazy-load-messages.test.ts,browser-locales,review-english-browser,False,True,False,True,False,False,158,124,browser-locales
hooks/use-lazy-load-sentinel.test.ts,browser-locales,review-english-browser,False,True,False,True,False,False,2,408,browser
hooks/use-local-storage-boolean.test.ts,browser-locales,review-english-browser,False,True,False,True,False,False,3,33,browser
hooks/use-lsp-file-opener.test.ts,browser-locales,retain-full-or-review,False,True,False,True,True,False,218,39,browser-locales
hooks/use-lsp.test.tsx,browser-locales,review-english-browser,False,True,False,True,False,False,160,72,browser-locales
hooks/use-managed-conversation-chat.test.tsx,browser-locales,review-english-browser,False,True,False,True,False,False,9,74,browser
hooks/use-message-handler.plan-comments.test.ts,browser-locales,review-english-browser,False,True,False,True,False,False,153,67,browser-locales
hooks/use-message-handler.test.ts,browser-locales,review-english-browser,False,True,False,True,False,False,153,80,browser-locales
hooks/use-message-navigation.test.ts,browser-locales,review-english-browser,False,True,False,True,False,False,136,60,browser-locales
hooks/use-min-visible-duration.test.ts,browser-locales,review-english-browser,False,True,False,True,False,False,2,28,browser
hooks/use-multi-select.test.ts,browser-locales,review-english-browser,False,True,False,True,False,False,2,31,browser
hooks/use-nav-availability.test.ts,browser-locales,review-english-browser,False,True,False,True,False,False,165,61,browser-locales
hooks/use-nest-task.test.tsx,browser-locales,review-english-browser,False,True,False,True,False,False,159,31,browser-locales
hooks/use-office-refetch.test.ts,browser-locales,review-english-browser,False,True,False,True,False,False,134,146,browser-locales
hooks/use-office-workspace-data.test.ts,browser-locales,review-english-browser,False,True,False,True,False,False,150,52,browser-locales
hooks/use-open-session-folder.test.ts,browser-locales,review-english-browser,False,True,False,True,False,False,165,59,browser-locales
hooks/use-open-session-in-editor.test.ts,browser-locales,retain-full-or-review,False,True,False,True,True,False,98,35,browser-locales
hooks/use-open-session-in-editor.wire.test.tsx,browser-locales,retain-full-or-review,False,True,False,True,True,False,103,198,browser-locales
hooks/use-optimistic-task-mutation-rollback-ordering.test.tsx,browser-locales,review-english-browser,False,True,False,True,False,False,144,115,browser-locales
hooks/use-optimistic-task-mutation.test.tsx,browser-locales,review-english-browser,False,True,False,True,False,False,144,162,browser-locales
hooks/use-panel-actions.test.ts,browser-locales,retain-full-or-review,False,True,False,True,True,False,219,25,browser-locales
hooks/use-panel-active.test.ts,browser-locales,review-english-browser,False,True,False,True,False,False,3,48,browser
hooks/use-pipeline-overflow-stage.test.tsx,browser-locales,review-english-browser,False,True,False,True,False,False,2,36,browser
hooks/use-plan-panel-auto-open.test.ts,browser-locales,retain-full-or-review,False,True,False,True,True,False,179,41,browser-locales
hooks/use-plugin-shortcuts.test.ts,browser-locales,retain-full-or-review,False,True,False,True,True,False,204,82,browser-locales
hooks/use-plugin-task-filters.test.ts,browser-locales,retain-full-or-review,False,True,False,True,True,False,11,41,browser-locales
hooks/use-plugin-webhook-controls.test.ts,browser-locales,review-english-browser,False,True,False,True,False,False,5,75,browser
hooks/use-preview-capture.test.ts,browser-locales,review-english-browser,False,True,False,True,False,False,140,351,browser-locales
hooks/use-preview-console-forwarder.test.ts,browser-locales,review-english-browser,False,True,False,True,False,False,3,33,browser
hooks/use-processed-messages-fallback.test.ts,browser-locales,review-english-browser,False,True,False,True,False,False,27,46,browser-locales
hooks/use-processed-messages-initial-preview.test.ts,browser-locales,review-english-browser,False,True,False,True,False,False,27,37,browser-locales
hooks/use-processed-messages-legacy-recovery.test.ts,browser-locales,review-english-browser,False,False,False,True,False,False,27,8,browser-locales
hooks/use-processed-messages-recovery.test.ts,browser-locales,review-english-browser,False,False,False,True,False,False,27,6,browser-locales
hooks/use-processed-messages-rich-output.test.ts,browser-locales,review-english-browser,False,False,False,True,False,False,27,7,browser-locales
hooks/use-processed-messages.test.ts,browser-locales,review-english-browser,False,False,False,True,False,False,27,21,browser-locales
hooks/use-prompt-result-delivery.test.ts,browser-locales,review-english-browser,False,True,False,True,False,False,17,51,browser
hooks/use-queue-edit-protection.test.ts,browser-locales,review-english-browser,False,True,False,True,False,False,11,57,browser
hooks/use-queue-pinned.test.ts,browser-locales,review-english-browser,False,True,False,True,False,False,3,47,browser
hooks/use-quick-chat-launcher.test.ts,browser-locales,review-english-browser,False,True,False,True,False,False,135,39,browser-locales
hooks/use-quick-chat-resync.test.ts,browser-locales,review-english-browser,False,True,False,True,False,False,139,953,browser-locales
hooks/use-quick-chat-width.test.ts,browser-locales,review-english-browser,False,True,False,True,False,False,12,44,browser
hooks/use-quick-terminal-launcher.test.ts,browser-locales,review-english-browser,False,True,False,True,False,False,136,26,browser-locales
hooks/use-release-notes.test.tsx,browser-locales,review-english-browser,False,True,False,True,False,False,159,59,browser-locales
hooks/use-resizable-clarification-overlay.test.ts,browser-locales,review-english-browser,False,True,False,True,False,False,2,42,browser
hooks/use-responsive-breakpoint.test.ts,browser-locales,review-english-browser,False,True,False,True,False,False,2,42,browser
hooks/use-review-sidebar-resize.test.ts,browser-locales,review-english-browser,False,True,False,True,False,False,2,38,browser
hooks/use-session-failure-toast.test.ts,browser-locales,review-english-browser,False,True,False,True,False,False,164,93,browser-locales
hooks/use-session-file-reviews.test.tsx,browser-locales,retain-full-or-review,False,True,False,True,True,False,587,686,browser-locales
hooks/use-session-layout-state.test.ts,browser-locales,review-english-browser,False,True,False,True,False,False,148,26,browser-locales
hooks/use-sidebar-multi-select.test.ts,browser-locales,retain-full-or-review,False,True,False,True,True,False,521,52,browser-locales
hooks/use-sidebar-views-sync.test.ts,browser-locales,review-english-browser,False,True,False,True,False,False,139,36,browser-locales
hooks/use-subtask-count.test.ts,browser-locales,review-english-browser,False,True,False,True,False,False,41,184,browser-locales
hooks/use-summarize-session.test.ts,browser-locales,review-english-browser,False,True,False,True,False,False,13,22,browser
hooks/use-system-metrics-subscription.test.ts,browser-locales,review-english-browser,False,True,False,True,False,False,3,22,browser
hooks/use-task-actions-menu-move-targets.test.tsx,browser-locales,review-english-browser,False,True,False,True,False,False,134,44,browser-locales
hooks/use-task-actions.test.ts,browser-locales,retain-full-or-review,False,True,False,True,True,False,227,53,browser-locales
hooks/use-task-archive-confirm.test.ts,browser-locales,retain-full-or-review,False,True,False,True,True,False,229,37,browser-locales
hooks/use-task-color-migration.test.tsx,browser-locales,review-english-browser,False,True,False,True,False,False,134,143,browser-locales
hooks/use-task-color.test.tsx,browser-locales,review-english-browser,False,True,False,True,False,False,140,2424,browser-locales
hooks/use-task-crud.test.ts,browser-locales,retain-full-or-review,False,True,False,True,True,False,228,33,browser-locales
hooks/use-task-delete-preflight.test.ts,browser-locales,review-english-browser,False,True,False,True,False,False,41,347,browser-locales
hooks/use-task-deleted-toast.test.ts,browser-locales,review-english-browser,False,True,False,True,False,False,139,31,browser-locales
hooks/use-task-in-flight.test.tsx,browser-locales,review-english-browser,False,True,False,True,False,False,136,89,browser-locales
hooks/use-task-list-facet-selection.test.tsx,browser-locales,review-english-browser,False,True,False,True,False,False,3,22,browser
hooks/use-task-list-facets.test.tsx,browser-locales,retain-full-or-review,False,True,False,True,True,False,12,38,browser-locales
hooks/use-task-list-workflow-steps.test.ts,browser-locales,review-english-browser,False,True,False,True,False,False,140,422,browser-locales
hooks/use-task-listing-view.test.tsx,browser-locales,review-english-browser,False,True,False,True,False,False,136,46,browser-locales
hooks/use-task-management-flow.test.ts,browser-locales,review-english-browser,False,True,False,True,False,False,136,59,browser-locales
hooks/use-task-menu-actions.test.ts,browser-locales,retain-full-or-review,False,True,False,True,True,False,228,243,browser-locales
hooks/use-task-multi-select-bulk-move.test.ts,browser-locales,retain-full-or-review,False,True,False,True,True,False,520,43,browser-locales
hooks/use-task-multi-select-range.test.ts,browser-locales,retain-full-or-review,False,False,False,True,True,False,520,11,browser-locales
hooks/use-task-multi-select.test.ts,browser-locales,retain-full-or-review,False,True,False,True,True,False,520,60,browser-locales
hooks/use-task-pending-input.test.tsx,browser-locales,review-english-browser,False,True,False,True,False,False,138,97,browser-locales
hooks/use-task-removal-coordinator.test.ts,browser-locales,retain-full-or-review,False,True,False,True,True,False,222,202,browser-locales
hooks/use-task-removal-listing.test.ts,browser-locales,retain-full-or-review,False,True,False,True,True,False,222,60,browser-locales
hooks/use-task-removal-session-loading.test.ts,browser-locales,retain-full-or-review,False,True,False,True,True,False,123,29,browser-locales
hooks/use-task-removal-sidebar-fallback.test.ts,browser-locales,retain-full-or-review,False,True,False,True,True,False,124,41,browser-locales
hooks/use-task-removal.test.ts,browser-locales,retain-full-or-review,False,True,False,True,True,False,124,71,browser-locales
hooks/use-task-right-panels-toggle.test.ts,browser-locales,retain-full-or-review,False,True,False,True,True,False,63,27,browser-locales
hooks/use-task-session.test.tsx,browser-locales,review-english-browser,False,True,False,True,False,False,137,514,browser-locales
hooks/use-task-sessions.test.ts,browser-locales,review-english-browser,False,True,False,True,False,False,159,356,browser-locales
hooks/use-task-title-selection-restore.test.tsx,browser-locales,review-english-browser,False,True,False,True,False,False,3,72,browser
hooks/use-task-workflow-move.test.ts,browser-locales,review-english-browser,False,True,False,True,False,False,47,42,browser-locales
hooks/use-tasks.test.ts,browser-locales,review-english-browser,False,True,False,True,False,False,160,24,browser-locales
hooks/use-topbar-pressure.test.ts,browser-locales,review-english-browser,False,True,False,True,False,False,2,60,browser
hooks/use-tree-keyboard-nav.test.ts,browser-locales,review-english-browser,False,True,False,True,False,False,3,39,browser
hooks/use-tree.test.ts,browser-locales,review-english-browser,False,True,False,True,False,False,2,46,browser
hooks/use-update-available-toast.test.ts,browser-locales,review-english-browser,False,True,False,True,False,False,141,398,browser-locales
hooks/use-update-task-priority.test.ts,browser-locales,review-english-browser,False,True,False,True,False,False,17,31,browser
hooks/use-user-display-settings.test.ts,browser-locales,review-english-browser,False,False,False,True,False,False,163,14,browser-locales
hooks/use-utility-agent-generator.test.tsx,browser-locales,review-english-browser,False,True,False,True,False,False,142,30,browser-locales
hooks/use-visual-viewport-offset.test.ts,browser-locales,review-english-browser,False,True,False,True,False,False,2,39,browser
hooks/use-window-controls-overlay.test.tsx,browser-locales,review-english-browser,False,True,False,True,False,False,3,31,browser
hooks/use-workflow-option-previews.test.ts,browser-locales,review-english-browser,False,True,False,True,False,False,10,374,browser
hooks/use-workflow-snapshot.test.ts,browser-locales,review-english-browser,False,True,False,True,False,False,159,358,browser-locales
hooks/use-workflow-steps.test.ts,browser-locales,review-english-browser,False,True,False,True,False,False,12,247,browser
hooks/use-workflows.test.ts,browser-locales,review-english-browser,False,True,False,True,False,False,160,290,browser-locales
lib/active-session-recovery.test.ts,browser-locales,review-english-browser,False,False,False,True,False,False,23,23,browser
lib/agent-executor-compat.test.ts,browser-locales,review-english-browser,False,False,False,True,False,False,3,8,browser
lib/agent-goal.test.ts,browser-locales,review-node,False,False,False,False,False,False,4,10,node
lib/agent-permissions.test.ts,browser-locales,review-node,False,False,False,False,False,False,2,6,node
lib/agent-profile-fallback.test.ts,browser-locales,review-node,False,False,False,False,False,False,2,8,node
lib/agent-profile-recent-use.test.ts,browser-locales,review-english-browser,False,False,False,True,False,False,7,10,browser
lib/agent-runtime-update.test.ts,browser-locales,retain-full-or-review,True,False,False,True,True,False,4,21,browser-locales
lib/agents/runtime-update-statuses.test.ts,browser-locales,review-english-browser,False,False,False,True,False,False,70,11,browser-locales
lib/api/client.test.ts,browser-locales,review-english-browser,False,True,False,True,False,False,5,26,browser
lib/api/domains/agent-config-api.test.ts,browser-locales,review-english-browser,False,False,False,True,False,False,6,6,browser
lib/api/domains/agent-profile-normalize.test.ts,browser-locales,review-english-browser,False,False,False,True,False,False,3,19,browser
lib/api/domains/agent-update-api.test.ts,browser-locales,review-english-browser,False,False,False,True,False,False,6,16,browser
lib/api/domains/attachment-api.test.ts,browser-locales,review-english-browser,False,False,False,True,False,False,6,14,browser
lib/api/domains/auth-api.test.ts,browser-locales,review-english-browser,False,False,False,True,False,False,6,22,browser
lib/api/domains/automation-runs-api.test.ts,browser-locales,review-english-browser,False,False,False,True,False,False,3,12,browser
lib/api/domains/automations-export-api.test.ts,browser-locales,review-english-browser,False,False,False,True,False,False,6,7,browser
lib/api/domains/azure-devops-api.test.ts,browser-locales,review-english-browser,False,False,False,True,False,False,7,16,browser
lib/api/domains/background-work-api.test.ts,browser-locales,review-english-browser,False,False,False,True,False,False,12,14,browser
lib/api/domains/canvas-api.test.ts,browser-locales,review-english-browser,False,False,False,True,False,False,6,20,browser
lib/api/domains/canvas-distribution-api.test.ts,browser-locales,review-english-browser,False,False,False,True,False,False,6,19,browser
lib/api/domains/conversation-usage-api.test.ts,browser-locales,review-english-browser,False,False,False,True,False,False,6,6,browser
lib/api/domains/coordinator-activity-api.test.ts,browser-locales,review-english-browser,False,False,False,True,False,False,6,14,browser
lib/api/domains/coordinator-api.test.ts,browser-locales,review-english-browser,False,False,False,True,False,False,6,27,browser
lib/api/domains/failed-inbox-api.test.ts,browser-locales,review-english-browser,False,False,False,True,False,False,6,9,browser
lib/api/domains/frontend-error-log-api.test.ts,browser-locales,review-english-browser,False,True,False,True,False,False,6,75,browser
lib/api/domains/fs-api.test.ts,browser-locales,review-english-browser,False,False,False,True,False,False,6,28,browser
lib/api/domains/github-api.test.ts,browser-locales,review-english-browser,False,False,False,True,False,False,9,232,browser
lib/api/domains/github-auto-merge-api.test.ts,browser-locales,review-english-browser,False,False,False,True,False,False,9,8,browser
lib/api/domains/github-pr-api.test.ts,browser-locales,review-english-browser,False,False,False,True,False,False,9,9,browser
lib/api/domains/github-review-api.test.ts,browser-locales,review-english-browser,False,False,False,True,False,False,6,8,browser
lib/api/domains/gitlab-api.test.ts,browser-locales,review-english-browser,False,False,False,True,False,False,7,27,browser
lib/api/domains/host-shell-api.test.ts,browser-locales,review-english-browser,False,False,False,True,False,False,6,13,browser
lib/api/domains/improve-kandev-api.test.ts,browser-locales,review-english-browser,False,False,False,True,False,False,6,8,browser
lib/api/domains/kanban-api.test.ts,browser-locales,review-english-browser,False,False,False,True,False,False,6,23,browser
lib/api/domains/kubernetes-api.test.ts,browser-locales,review-english-browser,False,False,False,True,False,False,6,15,browser
lib/api/domains/linear-api.test.ts,browser-locales,review-english-browser,False,False,False,True,False,False,7,26,browser
lib/api/domains/marketplace-api.test.ts,browser-locales,review-english-browser,False,False,False,True,False,False,6,16,browser
lib/api/domains/mentions-api.test.ts,browser-locales,review-english-browser,False,False,False,True,False,False,6,25,browser
lib/api/domains/office-agent-status-api.test.ts,browser-locales,review-english-browser,False,False,False,True,False,False,19,14,browser
lib/api/domains/office-api.test.ts,browser-locales,review-english-browser,False,False,False,True,False,False,19,9,browser
lib/api/domains/office-budget-api.test.ts,browser-locales,review-english-browser,False,False,False,True,False,False,19,10,browser
lib/api/domains/office-config-export.test.ts,browser-locales,review-english-browser,False,False,False,True,False,False,11,10,browser
lib/api/domains/office-config-sync-api.test.ts,browser-locales,review-english-browser,False,False,False,True,False,False,6,18,browser
lib/api/domains/office-default-ceiling-api.test.ts,browser-locales,review-english-browser,False,False,False,True,False,False,19,8,browser
lib/api/domains/office-pause-api.test.ts,browser-locales,review-english-browser,False,False,False,True,False,False,6,13,browser
lib/api/domains/office-project-normalize.test.ts,browser-locales,review-node,False,False,False,False,False,False,2,4,node
lib/api/domains/office-routine-api.test.ts,browser-locales,review-english-browser,False,False,False,True,False,False,7,19,browser
lib/api/domains/office-routine-normalize.test.ts,browser-locales,review-node,False,False,False,False,False,False,2,18,node
lib/api/domains/office-status-gate.test.ts,browser-locales,review-english-browser,False,False,False,True,False,False,14,15,browser
lib/api/domains/office-task-normalize.test.ts,browser-locales,review-node,False,False,False,False,False,False,2,9,node
lib/api/domains/office-tasks-api.test.ts,browser-locales,review-english-browser,False,False,False,True,False,False,11,15,browser
lib/api/domains/org-units-api.test.ts,browser-locales,review-english-browser,False,False,False,True,False,False,6,13,browser
lib/api/domains/plan-comment-api.test.ts,browser-locales,review-english-browser,False,False,False,True,False,False,3,6,browser
lib/api/domains/plugins-api.test.ts,browser-locales,review-english-browser,False,False,False,True,False,False,6,31,browser
lib/api/domains/preview-feedback-api.test.ts,browser-locales,review-english-browser,False,False,False,True,False,False,3,7,browser
lib/api/domains/process-api.test.ts,browser-locales,review-english-browser,False,False,False,True,False,False,6,8,browser
lib/api/domains/queue-api.admission.test.ts,browser-locales,review-english-browser,False,False,False,True,False,False,4,15,browser
lib/api/domains/queue-api.plan-comments.test.ts,browser-locales,review-english-browser,False,False,False,True,False,False,4,18,browser
lib/api/domains/queue-api.test.ts,browser-locales,review-english-browser,False,False,False,True,False,False,5,23,browser
lib/api/domains/quick-terminal-api.test.ts,browser-locales,review-english-browser,False,False,False,True,False,False,6,11,browser
lib/api/domains/remote-docker-api.test.ts,browser-locales,review-english-browser,False,False,False,True,False,False,6,24,browser
lib/api/domains/repository-sets-api.test.ts,browser-locales,review-english-browser,False,False,False,True,False,False,6,16,browser
lib/api/domains/runtime-flags-api.test.ts,browser-locales,review-english-browser,False,False,False,True,False,False,6,22,browser
lib/api/domains/secrets-api.test.ts,browser-locales,review-english-browser,False,False,False,True,False,False,6,16,browser
lib/api/domains/sentry-api.test.ts,browser-locales,review-english-browser,False,False,False,True,False,False,7,10,browser
lib/api/domains/session-api.test.ts,browser-locales,review-english-browser,False,False,False,True,False,False,9,17,browser
lib/api/domains/session-mcp-actions.test.ts,browser-locales,review-english-browser,False,False,False,True,False,False,9,15,browser
lib/api/domains/settings-api.test.ts,browser-locales,review-english-browser,False,False,False,True,False,False,12,13,browser
lib/api/domains/share-api.test.ts,browser-locales,review-english-browser,False,False,False,True,False,False,6,14,browser
lib/api/domains/ssh-api.test.ts,browser-locales,review-english-browser,False,False,False,True,False,False,6,16,browser
lib/api/domains/stats-api.test.ts,browser-locales,review-english-browser,False,False,False,True,False,False,6,9,browser
lib/api/domains/system-api.test.ts,browser-locales,review-english-browser,False,False,False,True,False,False,6,30,browser
lib/api/domains/task-completion-gates-api.test.ts,browser-locales,review-english-browser,False,False,False,True,False,False,6,11,browser
lib/api/domains/task-dependencies-api.test.ts,browser-locales,review-english-browser,False,False,False,True,False,False,6,14,browser
lib/api/domains/task-management-claims-api.test.ts,browser-locales,review-english-browser,False,False,False,True,False,False,6,10,browser
lib/api/domains/task-runner-api.test.ts,browser-locales,review-english-browser,False,False,False,True,False,False,3,10,browser
lib/api/domains/task-usage-api.test.ts,browser-locales,review-english-browser,False,False,False,True,False,False,6,8,browser
lib/api/domains/workflow-api.test.ts,browser-locales,review-english-browser,False,False,False,True,False,False,9,11,browser
lib/api/domains/workflow-sync-api.test.ts,browser-locales,review-english-browser,False,False,False,True,False,False,6,15,browser
lib/api/domains/workspace-api-retention.test.ts,browser-locales,review-english-browser,False,False,False,True,False,False,6,14,browser
lib/api/domains/workspace-api.test.ts,browser-locales,review-english-browser,False,False,False,True,False,False,6,17,browser
lib/api/domains/workspace-file-api.test.ts,browser-locales,review-english-browser,False,False,False,True,False,False,6,13,browser
lib/api/e2e-api-client.test.ts,browser-locales,review-node,False,False,False,False,False,False,3,8,node
lib/auth/is-admin.test.ts,browser-locales,review-node,False,False,False,False,False,False,2,7,node
lib/automation-run-reason.test.ts,browser-locales,review-node,False,False,False,False,False,False,2,6,node
lib/backend-fixture-env.test.ts,browser-locales,review-node,False,False,False,False,False,False,2,9,node
lib/browser/document-title.test.ts,browser-locales,review-node,False,False,False,False,False,False,2,17,node
lib/browser/pwa-manifest.test.ts,browser-locales,review-node,False,False,True,False,False,False,1,11,browser-locales
lib/browser/rendering-engine.test.ts,browser-locales,review-english-browser,False,True,False,True,False,False,2,11,browser
lib/canvas-lifecycle.test.ts,browser-locales,review-english-browser,False,False,False,True,False,False,2,5,browser
lib/canvas-permission-copy.test.ts,browser-locales,review-node,False,False,False,False,False,False,2,21,node
lib/canvas-presentation-storage.tab.test.ts,browser-locales,review-english-browser,False,True,False,True,False,False,3,9,browser
lib/canvas-presentation-storage.test.ts,browser-locales,review-english-browser,False,True,False,True,False,False,3,8,browser
lib/chat-mention-recency.test.ts,browser-locales,review-english-browser,False,True,False,True,False,False,2,12,browser
lib/chat/agent-message-comments.test.ts,browser-locales,review-english-browser,False,True,False,True,False,False,5,23,browser
lib/chat/message-send-error.test.ts,browser-locales,review-node,False,False,False,False,False,False,2,5,node
lib/clarification/late-clarification-message.test.ts,browser-locales,review-node,False,False,False,False,False,False,5,7,node
lib/cli-flags.test.ts,browser-locales,review-node,False,False,False,False,False,False,2,20,node
lib/commands/command-registry.test.tsx,browser-locales,review-english-browser,False,True,False,True,False,False,2,21,browser
lib/commands/content-search-selection.test.ts,browser-locales,retain-full-or-review,False,False,False,True,True,False,89,9,browser-locales
lib/commands/search.test.ts,browser-locales,review-node,False,False,False,False,False,False,2,25,browser-locales
lib/commands/task-workspace-search.test.ts,browser-locales,review-english-browser,False,False,False,True,False,False,3,7,browser
lib/config.test.ts,browser-locales,review-english-browser,False,False,False,True,False,False,2,10,browser
lib/coordinator/attention.test.ts,browser-locales,review-node,False,False,False,False,False,False,3,23,node
lib/coordinator/copilot-id.test.ts,browser-locales,review-node,False,False,False,False,False,False,5,10,node
lib/coordinator/eligible-step.test.ts,browser-locales,review-node,False,False,False,False,False,False,2,8,node
lib/coordinator/format.test.ts,browser-locales,review-node,False,False,False,False,False,False,3,8,node
lib/coordinator/item-text.test.ts,browser-locales,review-node,False,False,False,False,False,False,4,10,node
lib/coordinator/links.test.ts,browser-locales,review-node,False,False,False,False,False,False,2,8,node
lib/coordinator/proposal-text.test.ts,browser-locales,review-node,False,False,False,False,False,False,2,10,node
lib/coordinator/queue-text.test.ts,browser-locales,review-node,False,False,False,False,False,False,2,8,node
lib/coordinator/watch-filter.test.ts,browser-locales,review-node,False,False,False,False,False,False,2,16,node
lib/coordinators/control-draft.test.ts,browser-locales,review-node,False,False,False,False,False,False,2,13,node
lib/coordinators/coordinator-form.test.ts,browser-locales,review-node,False,False,False,False,False,False,2,14,node
lib/coordinators/executor-option.test.ts,browser-locales,review-node,False,False,False,False,False,False,2,7,node
lib/coordinators/field-error.test.ts,browser-locales,review-english-browser,False,False,False,True,False,False,6,7,browser
lib/coordinators/goal-form.test.ts,browser-locales,review-node,False,False,False,False,False,False,2,15,node
lib/coordinators/profile-lookup.test.ts,browser-locales,review-node,False,False,False,False,False,False,2,6,node
lib/coordinators/profile-status-message.test.ts,browser-locales,review-node,False,False,False,False,False,False,2,5,node
lib/coordinators/setup.test.ts,browser-locales,review-english-browser,False,False,False,True,False,False,9,20,browser
lib/coordinators/validate-form.test.ts,browser-locales,review-node,False,False,False,False,False,False,2,8,node
lib/debug/log.test.ts,browser-locales,review-english-browser,False,False,False,True,False,False,2,22,browser
lib/desktop/adapter.test.ts,browser-locales,review-node,False,False,False,False,False,False,3,17,node
lib/desktop/command-actions.test.ts,browser-locales,review-node,False,False,False,False,False,False,2,14,node
lib/desktop/contextual-close.test.ts,browser-locales,review-english-browser,False,True,False,True,False,False,2,24,browser
lib/desktop/download-feedback.test.ts,browser-locales,review-english-browser,False,True,False,True,False,False,2,8,browser
lib/desktop/download-ready.test.ts,browser-locales,review-english-browser,False,True,False,True,False,False,5,13,browser
lib/desktop/external-links-usage.test.ts,browser-locales,review-node,False,False,True,False,False,False,1,7,browser-locales
lib/desktop/external-links.test.ts,browser-locales,review-english-browser,False,True,False,True,False,False,3,47,browser
lib/desktop/folder-picker.test.ts,browser-locales,review-english-browser,False,False,False,True,False,False,5,25,browser
lib/desktop/native-notification-client.test.ts,browser-locales,review-english-browser,False,True,False,True,False,False,3,6,browser
lib/desktop/tauri-event-transport.test.ts,browser-locales,review-english-browser,False,False,False,True,False,False,2,7,browser
lib/desktop/updater-adapter.test.ts,browser-locales,review-node,False,False,False,False,False,False,3,10,node
lib/desktop/window-chrome.test.ts,browser-locales,review-english-browser,False,True,False,True,False,False,2,5,browser
lib/dialog-body-lock-component.test.tsx,browser-locales,review-english-browser,False,True,False,True,False,False,1,23,browser
lib/dialog-body-lock.test.ts,browser-locales,review-english-browser,False,True,False,True,False,False,1,20,browser
lib/dialog-default-action.test.ts,browser-locales,review-english-browser,False,True,False,True,False,False,1,38,browser
lib/diff/adapter.test.ts,browser-locales,review-node,False,False,False,False,False,False,2,15,node
lib/diff/comment-utils.test.ts,browser-locales,review-english-browser,False,True,False,True,False,False,2,37,browser
lib/diff/walkthrough-match.test.ts,browser-locales,review-node,False,False,False,False,False,False,2,6,node
lib/e2e/backend-process.test.ts,browser-locales,review-node,False,False,False,False,False,False,2,11,node
lib/entity-references/message-references.test.ts,browser-locales,review-english-browser,False,False,False,True,False,False,3,11,browser
lib/env-hidden-sessions.test.ts,browser-locales,review-english-browser,False,True,False,True,False,False,12,9,browser
lib/executor-icons.test.ts,browser-locales,review-english-browser,False,False,False,True,False,False,4,10,browser
lib/failed-inbox/inbox-tab.test.ts,browser-locales,review-node,False,False,False,False,False,False,2,16,node
lib/failed-inbox/row-presentation.test.ts,browser-locales,review-node,False,False,False,False,False,False,2,7,node
lib/git-shim-integration.test.ts,browser-locales,review-node,False,False,True,False,False,False,1,866,browser-locales
lib/github-auth.test.ts,browser-locales,review-english-browser,False,False,False,True,False,False,4,7,browser
lib/github/check-buckets.test.ts,browser-locales,review-node,False,False,False,False,False,False,2,17,node
lib/github/ci-automation.test.ts,node,review-node,False,False,False,False,False,False,2,10,node
lib/github/parse-url.test.ts,browser-locales,review-node,False,False,False,False,False,False,2,11,node
lib/gitlab/mr-automation.test.ts,node,review-node,False,False,False,False,False,False,2,32,node
lib/gitlab/pipeline-buckets.test.ts,browser-locales,review-node,False,False,False,False,False,False,2,7,node
lib/group-by-repo.test.ts,browser-locales,review-node,False,False,False,False,False,False,2,5,node
lib/http-git-server.test.ts,browser-locales,review-node,False,False,False,False,False,False,2,2766,node
lib/i18n/boot.test.ts,browser-locales,review-english-browser,False,True,False,True,False,False,4,18,browser-locales
lib/i18n/bundling.test.ts,browser-locales,review-node,False,False,False,False,False,False,2,10,browser-locales
lib/i18n/cookie.test.ts,browser-locales,review-english-browser,False,True,False,True,False,False,2,9,browser-locales
lib/i18n/date-locale.test.ts,browser-locales,retain-full-or-review,True,False,False,True,True,False,4,148,browser-locales
lib/i18n/formats.test.ts,browser-locales,retain-full-or-review,True,False,False,True,True,False,4,45,browser-locales
lib/i18n/index.test.ts,browser-locales,retain-full-or-review,True,True,False,True,True,False,3,33,browser-locales
lib/i18n/init-sync.test.tsx,browser-locales,review-english-browser,False,True,False,True,False,False,1,28,browser-locales
lib/i18n/lazy-catalogs.test.ts,browser-locales,retain-full-or-review,True,False,False,True,True,False,3,1515,browser-locales
lib/i18n/message-time.test.ts,browser-locales,retain-full-or-review,True,False,False,True,True,False,8,53,browser-locales
lib/i18n/provider.test.tsx,browser-locales,review-english-browser,False,False,False,True,False,False,7,82,browser-locales
lib/inbox-history/row-presentation.test.ts,browser-locales,review-node,False,False,False,False,False,False,5,11,node
lib/kanban/auto-hide-empty-columns.test.ts,browser-locales,review-node,False,False,False,False,False,False,2,34,node
lib/kanban/drop-classification.test.ts,browser-locales,review-node,False,False,False,False,False,False,6,13,node
lib/kanban/filters.test.ts,browser-locales,review-node,False,False,False,False,False,False,2,10,node
lib/kanban/find-task.test.ts,browser-locales,review-node,False,False,False,False,False,False,2,13,node
lib/kanban/kanban-sort.test.ts,browser-locales,review-node,False,False,False,False,False,False,2,8,node
lib/kanban/keyboard-reorder.test.ts,browser-locales,review-node,False,False,False,False,False,False,3,7,node
lib/kanban/map-task-dependencies.test.ts,browser-locales,review-node,False,False,False,False,False,False,3,15,node
lib/kanban/map-task.test.ts,browser-locales,review-node,False,False,False,False,False,False,3,19,node
lib/kanban/mobile-column-index.test.ts,browser-locales,review-node,False,False,False,False,False,False,2,14,node
lib/kanban/priority-filter-tokens.test.ts,browser-locales,review-node,False,False,False,False,False,False,3,11,node
lib/kanban/reorder-merge.test.ts,browser-locales,review-node,False,False,False,False,False,False,2,10,node
lib/kanban/repository-placeholder.test.ts,browser-locales,review-english-browser,False,False,False,True,False,False,4,9,browser
lib/kanban/resolve-workflow.test.ts,browser-locales,review-node,False,False,False,False,False,False,2,11,node
lib/kanban/task-actions-menu-entries.test.ts,browser-locales,retain-full-or-review,False,False,False,True,True,False,191,42,browser-locales
lib/kanban/task-order.test.ts,browser-locales,review-node,False,False,False,False,False,False,3,16,node
lib/kanban/task-projections.test.ts,browser-locales,review-node,False,False,False,False,False,False,6,13,node
lib/kanban/task-search-index.test.ts,browser-locales,review-node,False,False,False,False,False,False,2,9,node
lib/kanban/view-registry-ordering.test.tsx,browser-locales,retain-full-or-review,False,True,False,True,True,False,520,420,browser-locales
lib/kanban/view-registry.test.ts,browser-locales,retain-full-or-review,False,False,False,True,True,False,520,6,browser-locales
lib/kanban/wip-limit.test.ts,browser-locales,review-node,False,False,False,False,False,False,2,7,node
lib/kanban/wip-queue.test.ts,browser-locales,review-node,False,False,False,False,False,False,4,8,node
lib/kanban/workflow-step-order.test.ts,browser-locales,review-node,False,False,False,False,False,False,2,9,node
lib/kanban/workflow-swimlanes.test.ts,browser-locales,review-node,False,False,False,False,False,False,2,11,node
lib/keyboard/constants.test.ts,browser-locales,review-node,False,False,False,False,False,False,2,16,node
lib/keyboard/integration-shortcuts.test.ts,browser-locales,review-english-browser,False,False,False,True,False,False,13,10,browser
lib/keyboard/parse-combo.test.ts,browser-locales,review-node,False,False,False,False,False,False,2,12,node
lib/keyboard/plugin-shortcuts.test.ts,browser-locales,review-node,False,False,False,False,False,False,5,15,node
lib/keyboard/shortcut-conflicts.test.ts,browser-locales,review-node,False,False,False,False,False,False,4,10,node
lib/keyboard/shortcut-overrides.test.ts,browser-locales,review-node,False,False,False,False,False,False,3,14,node
lib/keyboard/utils.test.ts,browser-locales,review-english-browser,False,False,False,True,False,False,3,21,browser
lib/layout/layout-profiles.test.ts,browser-locales,retain-full-or-review,False,False,False,True,True,False,43,33,browser-locales
lib/layout/panel-portal-host.test.tsx,browser-locales,review-english-browser,False,True,False,True,False,False,3,47,browser
lib/layout/panel-portal-manager.test.ts,browser-locales,review-english-browser,False,False,False,True,False,False,2,14,browser
lib/links.test.ts,browser-locales,review-english-browser,False,True,False,True,False,False,2,11,browser
lib/local-storage.test.ts,browser-locales,review-english-browser,False,True,False,True,False,False,12,20,browser
lib/logger/buffer.test.ts,browser-locales,review-node,False,False,False,False,False,False,2,13,node
lib/logger/capture.test.ts,browser-locales,review-english-browser,False,False,False,True,False,False,10,16,browser
lib/logger/indexeddb-store.test.ts,browser-locales,review-node,False,False,False,False,False,False,3,1522,browser-locales
lib/logger/intercept.test.ts,browser-locales,review-english-browser,False,True,False,True,False,False,10,20,browser
lib/logger/runtime.test.ts,browser-locales,review-english-browser,False,False,False,True,False,False,4,289,browser
lib/lsp/file-uri.test.ts,browser-locales,review-english-browser,False,False,False,True,False,False,2,17,browser
lib/lsp/lsp-client-manager.continuity.test.ts,browser-locales,review-english-browser,False,True,False,True,False,False,30,2396,browser-locales
lib/lsp/lsp-client-manager.document-sync.test.ts,browser-locales,review-english-browser,False,True,False,True,False,False,30,283,browser-locales
lib/lsp/lsp-client-manager.progress.test.ts,browser-locales,retain-full-or-review,True,True,False,True,True,False,30,246,browser-locales
lib/lsp/lsp-client-manager.test.ts,browser-locales,review-english-browser,False,False,False,True,False,False,30,1618,browser-locales
lib/lsp/lsp-client-storage.test.ts,browser-locales,review-english-browser,False,True,False,True,False,False,2,6,browser
lib/lsp/lsp-document-sync.test.ts,browser-locales,review-node,False,False,False,False,False,False,2,9,node
lib/lsp/lsp-dynamic-capabilities.test.ts,browser-locales,review-english-browser,False,False,False,True,False,False,29,6,browser-locales
lib/lsp/lsp-language-mapping.test.ts,browser-locales,retain-full-or-review,True,False,False,True,True,False,30,13,browser-locales
lib/lsp/lsp-progress-view.test.ts,browser-locales,retain-full-or-review,True,False,False,True,True,False,4,23,browser-locales
lib/lsp/lsp-progress.test.ts,browser-locales,review-node,False,False,False,False,False,False,2,8,node
lib/lsp/lsp-providers.test.ts,browser-locales,review-english-browser,False,False,False,True,False,False,29,46,browser-locales
lib/lsp/lsp-status-placement.test.ts,browser-locales,review-node,False,False,False,False,False,False,2,7,node
lib/markdown/chat-text-motion.test.ts,browser-locales,review-node,False,False,False,False,False,False,2,8,node
lib/markdown/file-link-target.test.ts,browser-locales,review-node,False,False,False,False,False,False,2,27,node
lib/markdown/math-sanitize-schema.test.ts,browser-locales,review-node,False,False,False,False,False,False,2,6,browser-locales
lib/markdown/normalize-cache.test.ts,browser-locales,review-english-browser,False,True,False,True,False,False,3,82,browser
lib/markdown/normalize-separators.test.ts,browser-locales,review-english-browser,False,True,False,True,False,False,3,82,browser
lib/markdown/preview-comments.test.ts,browser-locales,review-english-browser,False,False,False,True,False,False,3,17,browser
lib/markdown/rehype-math-source.test.ts,browser-locales,review-node,False,False,False,False,False,False,2,13,node
lib/markdown/remark-math-compat.test.ts,browser-locales,review-node,False,False,False,False,False,False,2,9,node
lib/markdown/source-line-ranges.test.ts,browser-locales,review-english-browser,False,True,False,True,False,False,2,20,browser
lib/markdown/table-resize.test.ts,browser-locales,review-node,False,False,False,False,False,False,2,10,node
lib/metadata-utils.test.ts,browser-locales,review-node,False,False,False,False,False,False,2,10,node
lib/mobile/pull-to-refresh.test.ts,browser-locales,review-english-browser,False,True,False,True,False,False,2,8,browser
lib/navigation/core-destinations.test.ts,browser-locales,review-english-browser,False,False,True,True,False,False,11,17,browser-locales
lib/navigation/plugin-destinations.test.ts,browser-locales,review-english-browser,False,False,False,True,False,False,10,16,browser
lib/navigation/resolve-destinations.test.ts,browser-locales,review-english-browser,False,False,False,True,False,False,10,13,browser
lib/navigation/workspace-home.test.ts,browser-locales,review-english-browser,False,False,False,True,False,False,7,7,browser
lib/needs-you-inbox/inbox-threads-agreement.test.ts,browser-locales,review-node,False,False,False,False,False,False,4,10,node
lib/needs-you-inbox/row-presentation.test.ts,browser-locales,review-node,False,False,False,False,False,False,5,7,node
lib/notifications/sound.test.ts,browser-locales,review-english-browser,False,True,False,True,False,False,12,88,browser
lib/plan-comment-recovery.test.ts,browser-locales,review-node,False,False,False,False,False,False,2,18,node
lib/platform/backend-reload-coordinator.test.ts,browser-locales,review-node,False,False,False,False,False,False,2,7,node
lib/plugins/action-compatibility.test.tsx,browser-locales,retain-full-or-review,False,True,False,True,True,False,1253,123,browser-locales
lib/plugins/active-plugin.test.ts,browser-locales,review-node,False,False,False,False,False,False,2,9,node
lib/plugins/boot.test.ts,browser-locales,retain-full-or-review,False,False,False,True,True,True,1255,8,browser-locales
lib/plugins/change-request-creation.test.ts,browser-locales,review-english-browser,False,False,False,True,False,False,4,16,browser
lib/plugins/composer-capability.test.ts,browser-locales,review-english-browser,False,False,False,True,False,False,2,7,browser
lib/plugins/composer-capability.test.tsx,browser-locales,review-english-browser,False,True,False,True,False,False,2,39,browser
lib/plugins/config-schema.test.ts,browser-locales,review-node,False,False,False,False,False,False,2,14,node
lib/plugins/conversation-host-isolation.test.tsx,browser-locales,review-english-browser,False,True,False,True,False,False,24,188,browser
lib/plugins/conversation-host.test.tsx,browser-locales,review-english-browser,False,True,False,True,False,False,24,1494,browser
lib/plugins/conversation-reconciliation.test.ts,browser-locales,review-node,False,False,False,False,False,False,2,8,node
lib/plugins/conversation-source-scope.test.tsx,browser-locales,review-english-browser,False,True,False,True,False,False,24,254,browser
lib/plugins/duplicate-render.test.tsx,browser-locales,retain-full-or-review,False,True,False,True,True,True,69,38,browser-locales
lib/plugins/executor-profile-schema.test.ts,browser-locales,review-node,False,False,False,False,False,False,2,4,node
lib/plugins/host-api.storage.test.ts,browser-locales,retain-full-or-review,False,False,False,True,True,False,1252,368,browser-locales
lib/plugins/host-api.test.ts,browser-locales,retain-full-or-review,False,True,False,True,True,False,1252,125,browser-locales
lib/plugins/host-initialize-timeout.test.ts,browser-locales,retain-full-or-review,False,True,False,True,True,True,65,85,browser-locales
lib/plugins/host-lifecycle.test.ts,browser-locales,retain-full-or-review,False,True,False,True,True,True,65,33,browser-locales
lib/plugins/host-queries.test.ts,browser-locales,review-english-browser,False,False,False,True,False,False,8,7,browser
lib/plugins/host-reenable.test.ts,browser-locales,retain-full-or-review,False,True,False,True,True,True,65,16,browser-locales
lib/plugins/host-runtime-resources.test.ts,browser-locales,retain-full-or-review,False,False,False,True,True,False,63,10,browser-locales
lib/plugins/host-settings-save.test.tsx,browser-locales,retain-full-or-review,False,True,False,True,True,False,1252,182,browser-locales
lib/plugins/host.repository-providers.test.ts,browser-locales,retain-full-or-review,False,True,False,True,True,True,65,15,browser-locales
lib/plugins/host.test.ts,browser-locales,retain-full-or-review,False,True,False,True,True,True,180,93,browser-locales
lib/plugins/human-interaction-receipts.test.ts,browser-locales,review-english-browser,False,False,False,True,False,False,6,9,browser
lib/plugins/icons.test.ts,browser-locales,review-english-browser,False,True,False,True,False,False,2,12,browser
lib/plugins/managed-conversation.test.ts,browser-locales,review-node,False,False,False,False,False,False,2,9,node
lib/plugins/modal-manager.test.ts,browser-locales,review-english-browser,False,True,False,True,False,False,2,15,browser
lib/plugins/plugin-context-api.test.ts,browser-locales,retain-full-or-review,False,False,False,True,True,False,1252,74,browser-locales
lib/plugins/plugin-translations.test.ts,browser-locales,retain-full-or-review,False,False,False,True,True,False,4,13,browser-locales
lib/plugins/registry-provider-lifecycle.test.ts,browser-locales,retain-full-or-review,False,False,False,True,True,False,10,19,browser-locales
lib/plugins/registry.integration-settings.test.ts,browser-locales,retain-full-or-review,False,False,False,True,True,False,10,12,browser-locales
lib/plugins/registry.review-providers.test.ts,browser-locales,retain-full-or-review,False,False,False,True,True,False,10,14,browser-locales
lib/plugins/registry.test.ts,browser-locales,retain-full-or-review,True,False,False,True,True,False,10,41,browser-locales
lib/plugins/repository-provider-url-resolution.test.ts,browser-locales,retain-full-or-review,False,False,False,True,True,False,11,12,browser-locales
lib/plugins/retained-managed-conversation.test.ts,browser-locales,review-node,False,False,False,False,False,False,2,5,node
lib/plugins/sdk-contract.test.ts,browser-locales,review-node,False,False,False,False,False,False,1,10,node
lib/plugins/sync-summary.test.ts,browser-locales,review-english-browser,False,False,False,True,False,False,4,9,browser
lib/plugins/user-state-sync.test.ts,browser-locales,retain-full-or-review,False,False,False,True,True,False,11,16,browser-locales
lib/prepare/agent-mcp-warning.test.ts,browser-locales,review-node,False,False,False,False,False,False,2,6,node
lib/prepare/native-mcp-diagnostic.test.ts,browser-locales,review-node,False,False,False,False,False,False,2,7,node
lib/prepare/preparation-attempt.test.ts,browser-locales,review-node,False,False,False,False,False,False,2,5,node
lib/pretty-tool-title.test.ts,browser-locales,review-node,False,False,False,False,False,False,3,12,node
lib/preview-feedback-source.test.ts,browser-locales,review-node,False,False,False,False,False,False,2,6,node
lib/preview-inspect-bridge.test.ts,browser-locales,review-node,False,False,False,False,False,False,2,15,node
lib/preview-screenshot.test.ts,browser-locales,review-english-browser,False,True,False,True,False,False,2,19,browser
lib/preview-url-detector.test.ts,browser-locales,review-english-browser,False,False,False,True,False,False,3,29,browser
lib/prompts/expand-prompt-references.test.ts,browser-locales,review-node,False,False,False,False,False,False,3,171,node
lib/prompts/prompt-mention-segments.test.ts,browser-locales,review-node,False,False,False,False,False,False,3,10,node
lib/prompts/task-prompt-document.test.ts,browser-locales,retain-full-or-review,False,True,False,True,True,False,255,11,browser-locales
lib/quick-chat/map-sessions.test.ts,browser-locales,review-node,False,False,False,False,False,False,2,13,node
lib/quick-chat/rename.test.ts,browser-locales,review-english-browser,False,True,False,True,False,False,13,13,browser
lib/quick-chat/selection-storage.test.ts,browser-locales,review-english-browser,False,True,False,True,False,False,2,24,browser
lib/read-selector.test.ts,browser-locales,review-node,False,False,False,False,False,False,2,22,node
lib/recent-tasks.test.ts,browser-locales,review-english-browser,False,True,False,True,False,False,4,15,browser
lib/remediation-url.test.ts,browser-locales,review-node,False,False,False,False,False,False,2,11,node
lib/repository-slug.test.ts,browser-locales,review-node,False,False,False,False,False,False,2,8,node
lib/review/findings.test.ts,browser-locales,review-english-browser,False,False,False,True,False,False,6,20,browser
lib/review/format.test.ts,browser-locales,review-node,False,False,False,False,False,False,2,10,node
lib/review/navigation.test.ts,browser-locales,review-english-browser,False,True,False,True,False,False,7,22,browser
lib/routing/client-route-helpers.test.ts,browser-locales,review-english-browser,False,False,False,True,False,False,4,9,browser
lib/routing/client-router.test.ts,browser-locales,review-english-browser,False,True,False,True,False,False,4,42,browser
lib/routing/kanban-route-hydration.test.ts,browser-locales,review-node,False,False,False,False,False,False,2,12,node
lib/routing/resolve-task-route.test.ts,browser-locales,review-english-browser,False,False,False,True,False,False,41,8,browser-locales
lib/routing/route-bootstrap.team-access.test.ts,browser-locales,review-english-browser,False,False,False,True,False,False,3,8,browser
lib/routing/route-bootstrap.test.ts,browser-locales,review-english-browser,False,True,True,True,False,False,3,28,browser-locales
lib/services/session-launch-helpers.test.ts,browser-locales,review-node,False,False,False,False,False,False,2,8,node
lib/services/session-launch-service.test.ts,browser-locales,review-english-browser,False,False,False,True,False,False,3,10,browser
lib/services/session-recovery-service.test.ts,browser-locales,retain-full-or-review,False,False,False,True,True,False,23,45,browser-locales
lib/session-error-details.test.ts,browser-locales,review-node,False,False,False,False,False,False,2,26,node
lib/session-last-agent-error.test.ts,browser-locales,review-english-browser,False,True,False,True,False,False,13,16,browser
lib/session-recovery-actions.test.ts,browser-locales,retain-full-or-review,False,False,False,True,True,False,262,8,browser-locales
lib/session-recovery-presentation.test.ts,browser-locales,review-english-browser,False,False,False,True,False,False,16,13,browser
lib/session-state.test.ts,browser-locales,review-node,False,False,False,False,False,False,2,23,node
lib/session-unread-divider.test.ts,browser-locales,review-node,False,False,False,False,False,False,5,12,node
lib/session-working.test.ts,browser-locales,review-node,False,False,False,False,False,False,2,8,node
lib/session-workspace-path.test.ts,browser-locales,review-node,False,False,False,False,False,False,2,6,node
lib/session/is-passthrough-session.test.ts,browser-locales,review-node,False,False,False,False,False,False,2,5,node
lib/session/session-deletion.test.ts,browser-locales,review-node,False,False,False,False,False,False,2,4,node
lib/settings-discovery/catalog.test.ts,browser-locales,review-english-browser,False,False,True,True,False,False,17,50,browser-locales
lib/settings-discovery/coverage-inventory.test.ts,browser-locales,review-node,False,False,False,False,False,False,2,9,node
lib/settings-discovery/delivery-coverage.test.ts,browser-locales,review-node,False,False,False,False,False,False,2,12,node
lib/settings-discovery/navigation.test.ts,browser-locales,review-english-browser,False,True,False,True,False,False,4,11,browser
lib/settings-discovery/profile-contract.test.ts,browser-locales,review-node,False,False,False,False,False,False,2,5,node
lib/settings-discovery/search.test.ts,browser-locales,review-node,False,False,False,False,False,False,2,8,node
lib/settings-discovery/target.test.ts,browser-locales,review-english-browser,False,True,False,True,False,False,2,44,browser
lib/settings/agent-display-order.test.ts,browser-locales,review-node,False,False,False,False,False,False,2,8,node
lib/settings/chat-motion.test.ts,browser-locales,review-english-browser,False,True,False,True,False,False,13,7,browser
lib/settings/executor-settings-routes.test.ts,browser-locales,review-node,False,False,False,False,False,False,2,5,node
lib/settings/external-mcp-snippets.test.ts,browser-locales,review-node,False,False,False,False,False,False,2,10,node
lib/settings/external-mcp-tools.test.ts,browser-locales,review-node,False,False,False,False,False,False,2,18,browser-locales
lib/settings/last-settings-page.test.ts,browser-locales,review-english-browser,False,True,False,True,False,False,13,10,browser
lib/settings/preview-panel-width.test.ts,browser-locales,review-node,False,False,False,False,False,False,3,6,node
lib/settings/provider-config-validation.test.ts,browser-locales,review-node,False,False,False,False,False,False,2,13,node
lib/settings/rich-output-motion.test.ts,browser-locales,review-english-browser,False,True,False,True,False,False,13,7,browser
lib/settings/settings-menu-mode.test.ts,browser-locales,review-english-browser,False,True,False,True,False,False,13,10,browser
lib/settings/user-settings-revision.test.ts,browser-locales,review-node,False,False,False,False,False,False,2,6,node
lib/settings/workspace-display-order.test.ts,browser-locales,review-node,False,False,False,False,False,False,2,7,node
lib/settings/workspace-settings-tabs.test.ts,browser-locales,review-node,False,False,False,False,False,False,4,7,browser-locales
lib/sidebar/apply-view-count.test.ts,browser-locales,review-english-browser,False,False,False,True,False,False,12,5,browser
lib/sidebar/apply-view-direct-subtasks.test.ts,browser-locales,review-english-browser,False,False,False,True,False,False,14,10,browser
lib/sidebar/apply-view-effective-state.test.ts,browser-locales,review-english-browser,False,False,False,True,False,False,12,97,browser
lib/sidebar/apply-view-flatten.test.ts,browser-locales,review-english-browser,False,False,False,True,False,False,12,8,browser
lib/sidebar/apply-view-labels.test.ts,browser-locales,retain-full-or-review,True,False,False,True,True,False,12,23,browser-locales
lib/sidebar/apply-view.test.ts,browser-locales,review-english-browser,False,False,False,True,False,False,15,45,browser-locales
lib/sidebar/immediate-writer.test.ts,browser-locales,review-english-browser,False,False,False,True,False,False,9,8,browser
lib/sidebar/layout-operations.test.ts,browser-locales,review-english-browser,False,False,False,True,False,False,8,13,browser
lib/sidebar/layout-projection.test.ts,browser-locales,review-english-browser,False,False,False,True,False,False,10,8,browser
lib/sidebar/mobile-layout.test.ts,browser-locales,review-node,False,False,False,False,False,False,3,8,node
lib/sidebar/navigation-geometry.test.ts,browser-locales,review-node,False,False,False,False,False,False,2,8,node
lib/sidebar/nest-candidates.test.ts,browser-locales,review-node,False,False,False,False,False,False,2,11,node
lib/sidebar/repository-rule-catalog.test.ts,browser-locales,retain-full-or-review,False,False,False,True,True,False,157,10,browser-locales
lib/sidebar/repository-rule-identity.test.ts,browser-locales,review-node,False,False,False,False,False,False,2,7,node
lib/sidebar/row-indent.test.ts,browser-locales,review-node,False,False,False,False,False,False,2,6,node
lib/sidebar/shortcut-catalog.test.ts,browser-locales,review-english-browser,False,False,False,True,False,False,8,6,browser
lib/sidebar/sidebar-archived-update-freshness.test.ts,browser-locales,review-english-browser,False,False,False,True,False,False,168,1737,browser-locales
lib/sidebar/sidebar-color-rank.test.ts,browser-locales,review-english-browser,False,False,False,True,False,False,16,12,browser
lib/sidebar/sidebar-customization.test.ts,browser-locales,review-english-browser,False,False,False,True,False,False,8,14,browser
lib/sidebar/sidebar-local-conformance.test.ts,browser-locales,review-english-browser,False,False,False,True,False,False,147,375,browser-locales
lib/sidebar/sidebar-local-view.test.ts,browser-locales,review-english-browser,False,False,False,True,False,False,36,128,browser-locales
lib/sidebar/sidebar-page-overviews.test.ts,browser-locales,review-english-browser,False,False,False,True,False,False,143,39,browser-locales
lib/sidebar/sidebar-sort-chain.test.ts,browser-locales,review-english-browser,False,False,False,True,False,False,12,12,browser
lib/sidebar/sidebar-task-page-cache.test.ts,browser-locales,review-english-browser,False,False,False,True,False,False,144,353,browser-locales
lib/sidebar/sidebar-task-query-error.test.ts,browser-locales,review-english-browser,False,False,False,True,False,False,6,11,browser
lib/sidebar/sidebar-task-repositories.test.ts,browser-locales,review-node,False,False,False,False,False,False,2,7,node
lib/sidebar/sidebar-task-source.test.ts,browser-locales,review-english-browser,False,False,False,True,False,False,133,48,browser-locales
lib/sidebar/sidebar-view-conformance.test.ts,browser-locales,review-english-browser,False,False,False,True,False,False,14,13,browser
lib/sidebar/task-color-projection.test.ts,browser-locales,review-english-browser,False,False,False,True,False,False,16,5,browser
lib/sidebar/task-color-rules.test.ts,browser-locales,review-english-browser,False,False,False,True,False,False,15,9,browser
lib/sidebar/task-navigation.test.ts,browser-locales,review-english-browser,False,True,False,True,False,False,4,57,browser
lib/sidebar/task-tree-activity.test.ts,browser-locales,review-english-browser,False,False,False,True,False,False,12,60,browser
lib/sidebar/task-tree-running.test.ts,browser-locales,review-node,False,False,False,False,False,False,2,8,node
lib/ssr/mapper.test.ts,browser-locales,review-english-browser,False,False,False,True,False,False,128,25,browser-locales
lib/ssr/resolve-active-id.test.ts,browser-locales,review-node,False,False,False,False,False,False,2,5,node
lib/ssr/session-page-model-hydration.test.ts,browser-locales,review-english-browser,False,False,False,True,False,False,71,16,browser-locales
lib/ssr/session-page-state.test.ts,browser-locales,review-english-browser,False,True,False,True,False,False,165,107,browser-locales
lib/ssr/user-settings-task-colors.test.ts,browser-locales,review-english-browser,False,False,False,True,False,False,25,6,browser
lib/ssr/user-settings.test.ts,browser-locales,review-english-browser,False,False,False,True,False,False,26,25,browser-locales
lib/startup-page.test.ts,browser-locales,review-english-browser,False,False,False,True,False,False,7,6,browser
lib/startup-progress/duration.test.ts,browser-locales,review-node,False,False,False,False,False,False,2,6,node
lib/startup-progress/format.test.ts,browser-locales,retain-full-or-review,True,False,False,False,True,False,3,15,browser-locales
lib/startup-progress/types.test.ts,browser-locales,review-node,False,False,False,False,False,False,2,5,node
lib/state/context-files-store.test.ts,browser-locales,review-english-browser,False,True,False,True,False,False,12,14,browser
lib/state/default-state.test.ts,browser-locales,review-english-browser,False,False,False,True,False,False,119,8,browser-locales
lib/state/dockview-background-work-panel.test.ts,browser-locales,retain-full-or-review,False,False,False,True,True,False,42,13,browser-locales
lib/state/dockview-dev-server-panel.test.ts,browser-locales,retain-full-or-review,False,False,False,True,True,False,42,13,browser-locales
lib/state/dockview-effective-default-profile.test.ts,browser-locales,retain-full-or-review,False,False,False,True,True,False,60,15,browser-locales
lib/state/dockview-env-switch-action.test.ts,browser-locales,retain-full-or-review,False,False,False,True,True,False,60,80,browser-locales
lib/state/dockview-env-switch-active-views.test.ts,browser-locales,retain-full-or-review,False,False,False,True,True,False,46,24,browser-locales
lib/state/dockview-env-switch-maximize-session-filter.test.ts,browser-locales,retain-full-or-review,False,True,False,True,True,False,60,61,browser-locales
lib/state/dockview-env-switch-pinned.test.ts,browser-locales,retain-full-or-review,False,False,False,True,True,False,46,24,browser-locales
lib/state/dockview-env-switch-right-width.test.ts,browser-locales,retain-full-or-review,False,False,False,True,True,False,46,8,browser-locales
lib/state/dockview-env-switch.test.ts,browser-locales,retain-full-or-review,False,False,False,True,True,False,47,68,browser-locales
lib/state/dockview-file-state.test.ts,browser-locales,retain-full-or-review,False,False,False,True,True,False,60,7,browser-locales
lib/state/dockview-layout-builders-fixups.test.ts,browser-locales,retain-full-or-review,False,False,False,True,True,False,37,16,browser-locales
lib/state/dockview-layout-builders.test.ts,browser-locales,retain-full-or-review,False,False,False,True,True,False,37,9,browser-locales
lib/state/dockview-measure.test.ts,browser-locales,review-english-browser,False,True,False,True,False,False,2,16,browser
lib/state/dockview-panel-actions-extra.test.ts,browser-locales,retain-full-or-review,False,False,False,True,True,False,42,25,browser-locales
lib/state/dockview-panel-actions.scroll-target.test.ts,browser-locales,retain-full-or-review,False,False,False,True,True,False,42,11,browser-locales
lib/state/dockview-panel-actions.test.ts,browser-locales,retain-full-or-review,False,False,False,True,True,False,40,32,browser-locales
lib/state/dockview-pinned-enforce.test.ts,browser-locales,retain-full-or-review,False,False,False,True,True,False,38,9,browser-locales
lib/state/dockview-preset-persistence.test.ts,browser-locales,retain-full-or-review,False,False,False,True,True,False,60,73,browser-locales
lib/state/dockview-right-pane.test.ts,browser-locales,retain-full-or-review,False,False,False,True,True,False,32,25,browser-locales
lib/state/dockview-right-panel-visibility.test.ts,browser-locales,retain-full-or-review,False,False,False,True,True,False,60,21,browser-locales
lib/state/dockview-scroll-preserve.test.ts,browser-locales,retain-full-or-review,False,True,False,True,True,False,60,82,browser-locales
lib/state/dockview-store.test.ts,browser-locales,retain-full-or-review,False,True,False,True,True,False,60,35,browser-locales
lib/state/hydration/hydrator-kanban-tasks.test.ts,browser-locales,review-english-browser,False,False,False,True,False,False,123,29,browser-locales
lib/state/hydration/hydrator-order-revision.test.ts,browser-locales,review-english-browser,False,False,False,True,False,False,123,17,browser-locales
lib/state/hydration/hydrator-read-cursor.test.ts,browser-locales,review-english-browser,False,False,False,True,False,False,123,13,browser-locales
lib/state/hydration/hydrator-turns-marker.test.ts,browser-locales,review-english-browser,False,False,False,True,False,False,123,32,browser-locales
lib/state/hydration/hydrator.test.ts,browser-locales,review-english-browser,False,True,False,True,False,False,123,69,browser-locales
lib/state/layout-manager/applier.test.ts,browser-locales,retain-full-or-review,False,False,False,True,True,False,28,11,browser-locales
lib/state/layout-manager/caps.test.ts,browser-locales,review-english-browser,False,False,False,True,False,False,2,8,browser
lib/state/layout-manager/dev-server-panel-persistence.test.ts,browser-locales,retain-full-or-review,False,False,False,True,True,False,26,6,browser-locales
lib/state/layout-manager/merger.test.ts,browser-locales,retain-full-or-review,False,False,False,True,True,False,27,11,browser-locales
lib/state/layout-manager/panel-titles.test.ts,browser-locales,retain-full-or-review,True,False,False,True,True,False,26,20,browser-locales
lib/state/layout-manager/plugin-panels.test.ts,browser-locales,retain-full-or-review,False,False,False,True,True,False,12,11,browser-locales
lib/state/layout-manager/presets.test.ts,browser-locales,review-node,False,False,False,False,False,False,3,10,node
lib/state/layout-manager/right-width.test.ts,browser-locales,review-english-browser,False,True,False,True,False,False,15,6,browser
lib/state/layout-manager/serializer.test.ts,browser-locales,retain-full-or-review,False,False,False,True,True,False,26,16,browser-locales
lib/state/layout-manager/session-panels.test.ts,browser-locales,review-english-browser,False,False,False,True,False,False,5,13,browser
lib/state/layout-manager/sizing.test.ts,browser-locales,review-english-browser,False,True,False,True,False,False,14,7,browser
lib/state/office-task-content-sync.test.ts,browser-locales,review-node,False,False,False,False,False,False,2,22,node
lib/state/session-read-coordinator.test.ts,browser-locales,review-english-browser,False,False,False,True,False,False,132,67,browser-locales
lib/state/slices/auth/auth-slice.test.ts,browser-locales,review-node,False,False,False,False,False,False,2,10,node
lib/state/slices/automations/automations-slice.test.ts,browser-locales,review-english-browser,False,False,False,True,False,False,130,78,browser-locales
lib/state/slices/azure-devops/azure-devops-slice.test.ts,browser-locales,review-english-browser,False,False,False,True,False,False,130,38,browser-locales
lib/state/slices/comments/format.test.ts,browser-locales,review-english-browser,False,False,False,True,False,False,5,17,browser
lib/state/slices/comments/group-review.test.ts,browser-locales,review-node,False,False,False,False,False,False,2,14,node
lib/state/slices/comments/message-comments.test.ts,browser-locales,review-english-browser,False,True,False,True,False,False,14,10,browser
lib/state/slices/comments/persistence.test.ts,browser-locales,review-english-browser,False,True,False,True,False,False,12,8,browser
lib/state/slices/comments/review-file.test.ts,browser-locales,review-english-browser,False,True,False,True,False,False,20,14,browser
lib/state/slices/comments/store-multi-repo.test.ts,browser-locales,review-english-browser,False,False,False,True,False,False,14,10,browser
lib/state/slices/coordinators/coordinators-slice.test.ts,browser-locales,review-node,False,False,False,False,False,False,2,13,node
lib/state/slices/failed-inbox/failed-inbox-slice.test.ts,browser-locales,review-node,False,False,False,False,False,False,3,20,node
lib/state/slices/failed-inbox/selectors.test.ts,browser-locales,review-english-browser,False,False,False,True,False,False,131,57,browser-locales
lib/state/slices/features/features-contract.test.ts,browser-locales,review-node,False,False,True,False,False,False,2,9,browser-locales
lib/state/slices/features/features-slice.test.ts,browser-locales,review-english-browser,False,False,False,True,False,False,130,33,browser-locales
lib/state/slices/github/github-slice.test.ts,browser-locales,review-node,False,False,False,False,False,False,2,32,node
lib/state/slices/gitlab/gitlab-slice.test.ts,browser-locales,review-node,False,False,False,False,False,False,3,24,node
lib/state/slices/inbox-history/inbox-history-slice.test.ts,browser-locales,review-node,False,False,False,False,False,False,2,17,node
lib/state/slices/jira/jira-slice.test.ts,browser-locales,review-node,False,False,False,False,False,False,2,12,node
lib/state/slices/kanban/kanban-slice.test.ts,browser-locales,review-english-browser,False,False,False,True,False,False,12,18,browser
lib/state/slices/linear/linear-slice.test.ts,browser-locales,review-node,False,False,False,False,False,False,2,24,node
lib/state/slices/message-favorites/favorites-store.test.ts,browser-locales,review-english-browser,False,True,False,True,False,False,13,16,browser
lib/state/slices/needs-you-inbox/needs-you-inbox-slice.test.ts,browser-locales,review-node,False,False,False,False,False,False,2,16,node
lib/state/slices/office/office-agents.test.ts,browser-locales,review-node,False,False,False,False,False,False,4,13,node
lib/state/slices/office/office-pause.test.ts,browser-locales,review-node,False,False,False,False,False,False,3,20,node
lib/state/slices/office/office-projects.test.ts,browser-locales,review-node,False,False,False,False,False,False,3,21,node
lib/state/slices/office/office-refetch-trigger.test.ts,browser-locales,review-node,False,False,False,False,False,False,3,11,node
lib/state/slices/office/office-routing.test.ts,browser-locales,review-node,False,False,False,False,False,False,3,19,node
lib/state/slices/office/office-skills.test.ts,browser-locales,review-node,False,False,False,False,False,False,3,14,node
lib/state/slices/office/office-tasks.test.ts,browser-locales,review-node,False,False,False,False,False,False,3,21,node
lib/state/slices/plugins/plugins-slice.test.ts,browser-locales,review-node,False,False,False,False,False,False,2,12,node
lib/state/slices/preview-feedback/preview-feedback-slice.test.ts,browser-locales,review-english-browser,False,False,False,True,False,False,130,24,browser-locales
lib/state/slices/review/review-slice.test.ts,browser-locales,review-node,False,False,False,False,False,False,2,19,node
lib/state/slices/session-runtime/context-window.test.ts,browser-locales,review-node,False,False,False,False,False,False,2,11,node
lib/state/slices/session-runtime/embedded-vscode-support.test.ts,browser-locales,review-english-browser,False,False,False,True,False,False,15,11,browser
lib/state/slices/session-runtime/git-status-display-state.test.ts,browser-locales,review-english-browser,False,False,False,True,False,False,4,24,browser
lib/state/slices/session-runtime/git-status-multi-repo.test.ts,browser-locales,review-english-browser,False,False,False,True,False,False,15,37,browser
lib/state/slices/session-runtime/git-status-normalizer.test.ts,browser-locales,review-node,False,False,False,False,False,False,2,7,node
lib/state/slices/session-runtime/git-status-state.test.ts,browser-locales,review-english-browser,False,False,False,True,False,False,4,13,browser
lib/state/slices/session-runtime/migrate-env-keyed-data.test.ts,browser-locales,review-english-browser,False,False,False,True,False,False,39,37,browser-locales
lib/state/slices/session-runtime/output-caps.test.ts,browser-locales,review-english-browser,False,False,False,True,False,False,15,40,browser
lib/state/slices/session-runtime/prepare-result.test.ts,browser-locales,review-node,False,False,False,False,False,False,3,8,node
lib/state/slices/session-runtime/purge-session.test.ts,browser-locales,review-english-browser,False,False,False,True,False,False,15,22,browser
lib/state/slices/session-runtime/session-commits-refetch.test.ts,browser-locales,review-english-browser,False,False,False,True,False,False,15,18,browser
lib/state/slices/session-runtime/session-mode-recovery.test.ts,browser-locales,review-english-browser,False,False,False,True,False,False,130,24,browser-locales
lib/state/slices/session-runtime/set-git-status-return.test.ts,browser-locales,review-english-browser,False,False,False,True,False,False,15,30,browser
lib/state/slices/session-runtime/user-shells.test.ts,browser-locales,review-english-browser,False,False,False,True,False,False,15,17,browser
lib/state/slices/session-runtime/workspace-restoration.test.ts,browser-locales,review-english-browser,False,False,False,True,False,False,8,14,browser
lib/state/slices/session/message-signature.test.ts,browser-locales,review-english-browser,False,False,False,True,False,False,10,13,browser
lib/state/slices/session/remove-task-session.test.ts,browser-locales,review-english-browser,False,False,False,True,False,False,38,20,browser-locales
lib/state/slices/session/running-notice-activity.test.ts,browser-locales,review-node,False,False,False,False,False,False,8,12,node
lib/state/slices/session/selectors.test.ts,browser-locales,review-node,False,False,False,False,False,False,5,14,node
lib/state/slices/session/session-merge-goal.test.ts,browser-locales,review-node,False,False,False,False,False,False,6,13,node
lib/state/slices/session/session-slice.merge-messages.test.ts,browser-locales,review-english-browser,False,False,False,True,False,False,41,16,browser-locales
lib/state/slices/session/session-slice.update-messages.test.ts,browser-locales,review-english-browser,False,False,False,True,False,False,41,21,browser-locales
lib/state/slices/session/session-slice.upsert.test.ts,browser-locales,review-english-browser,False,False,False,True,False,False,41,53,browser-locales
lib/state/slices/session/set-task-sessions-mcp.test.ts,browser-locales,review-english-browser,False,False,False,True,False,False,41,26,browser-locales
lib/state/slices/session/set-task-sessions-prepare.test.ts,browser-locales,review-english-browser,False,False,False,True,False,False,41,17,browser-locales
lib/state/slices/session/task-plan-comment-actions.test.ts,browser-locales,review-english-browser,False,False,False,True,False,False,130,37,browser-locales
lib/state/slices/session/task-plans.test.ts,browser-locales,review-english-browser,False,False,False,True,False,False,38,17,browser-locales
lib/state/slices/session/turn-actions.test.ts,browser-locales,review-english-browser,False,False,False,True,False,False,39,37,browser-locales
lib/state/slices/session/update-session-read-cursor.test.ts,browser-locales,review-english-browser,False,False,False,True,False,False,42,26,browser-locales
lib/state/slices/session/walkthroughs.test.ts,browser-locales,review-english-browser,False,False,False,True,False,False,38,40,browser-locales
lib/state/slices/session/workspace-recovery-projection.test.ts,browser-locales,review-english-browser,False,False,False,True,False,False,133,66,browser-locales
lib/state/slices/settings/agent-profile-recent-use.test.ts,browser-locales,review-english-browser,False,False,False,True,False,False,130,36,browser-locales
lib/state/slices/settings/settings-slice.test.ts,browser-locales,review-english-browser,False,False,False,True,False,False,68,25,browser-locales
lib/state/slices/settings/types.test.ts,browser-locales,review-node,False,False,False,False,False,False,3,19,node
lib/state/slices/system/system-slice.test.ts,browser-locales,review-node,False,False,False,False,False,False,2,16,node
lib/state/slices/task-overview-coverage.test.ts,browser-locales,review-english-browser,False,False,False,True,False,False,132,80,browser-locales
lib/state/slices/task-overview-mutations.test.ts,browser-locales,review-english-browser,False,False,False,True,False,False,168,91,browser-locales
lib/state/slices/task-overview.test.ts,browser-locales,review-english-browser,False,False,False,True,False,False,168,1329,browser-locales
lib/state/slices/task-workflow-coverage.test.ts,browser-locales,review-english-browser,False,False,False,True,False,False,131,27,browser-locales
lib/state/slices/ui/app-sidebar-actions.test.ts,browser-locales,review-english-browser,False,True,False,True,False,False,57,14,browser-locales
lib/state/slices/ui/chat-motion-actions.test.ts,browser-locales,review-english-browser,False,True,False,True,False,False,57,14,browser-locales
lib/state/slices/ui/mobile-kanban-focus.test.ts,browser-locales,review-english-browser,False,False,False,True,False,False,57,15,browser-locales
lib/state/slices/ui/quick-chat-actions.test.ts,browser-locales,review-english-browser,False,True,False,True,False,False,57,56,browser-locales
lib/state/slices/ui/quick-chat-activity-selectors.test.ts,browser-locales,review-english-browser,False,False,False,True,False,False,133,78,browser-locales
lib/state/slices/ui/quick-chat-selection-actions.test.ts,browser-locales,review-english-browser,False,True,False,True,False,False,130,73,browser-locales
lib/state/slices/ui/quick-chat-selection.test.ts,browser-locales,review-node,False,False,False,False,False,False,4,8,node
lib/state/slices/ui/quick-chat-session.test.ts,browser-locales,review-node,False,False,False,False,False,False,2,18,node
lib/state/slices/ui/quick-chat-sync.test.ts,browser-locales,review-english-browser,False,False,False,True,False,False,13,28,browser
lib/state/slices/ui/quick-chat-tab-order.test.ts,browser-locales,review-node,False,False,False,False,False,False,3,7,node
lib/state/slices/ui/quick-chat-unseen.test.ts,browser-locales,review-english-browser,False,False,False,True,False,False,132,80,browser-locales
lib/state/slices/ui/rich-output-motion-actions.test.ts,browser-locales,review-english-browser,False,True,False,True,False,False,57,11,browser-locales
lib/state/slices/ui/sidebar-view-actions.test.ts,browser-locales,review-english-browser,False,True,False,True,False,False,57,577,browser-locales
lib/state/slices/ui/sidebar-view-name.test.ts,browser-locales,review-node,False,False,False,False,False,False,3,6,node
lib/state/slices/ui/sidebar-view-wire.test.ts,browser-locales,review-node,False,False,False,False,False,False,4,12,node
lib/state/slices/ui/sidebar-workspace-views.test.ts,browser-locales,review-english-browser,False,False,False,True,False,False,131,411,browser-locales
lib/state/slices/ui/thread-view-actions.test.ts,browser-locales,review-english-browser,False,True,False,True,False,False,131,537,browser-locales
lib/state/slices/ui/thread-view-name.test.ts,browser-locales,review-node,False,False,False,False,False,False,2,6,node
lib/state/slices/ui/thread-view-wire.test.ts,browser-locales,review-node,False,False,False,False,False,False,2,21,node
lib/state/slices/ui/transcript-auto-scroll-actions.test.ts,browser-locales,review-english-browser,False,False,False,True,False,False,57,16,browser-locales
lib/state/slices/ui/transcript-auto-scroll-selectors.test.ts,browser-locales,review-node,False,False,False,False,False,False,2,6,node
lib/state/slices/ui/ui-slice-migration.test.ts,browser-locales,review-english-browser,False,False,False,True,False,False,57,8,browser-locales
lib/state/slices/ui/ui-slice.test.ts,browser-locales,review-english-browser,False,True,False,True,False,False,57,643,browser-locales
lib/state/slices/workspace/repository-branch-policies-slice.test.ts,browser-locales,review-node,False,False,False,False,False,False,3,11,node
lib/state/slices/workspace/repository-sets-revision.test.ts,browser-locales,review-node,False,False,False,False,False,False,3,16,node
lib/state/slices/workspace/repository-sets-slice.test.ts,browser-locales,review-node,False,False,False,False,False,False,3,24,node
lib/state/slices/workspace/selectors.test.ts,browser-locales,review-node,False,False,False,False,False,False,2,8,node
lib/state/slices/workspace/workspace-slice.test.ts,browser-locales,review-english-browser,False,False,False,True,False,False,130,38,browser-locales
lib/state/store.test.ts,browser-locales,review-english-browser,False,False,False,True,False,False,130,61,browser-locales
lib/state/task-navigation-reads.test.ts,browser-locales,review-english-browser,False,True,False,True,False,False,154,77,browser-locales
lib/state/task-removal.test.ts,browser-locales,review-node,False,False,False,False,False,False,2,10,node
lib/state/workflow-session-focus.test.ts,browser-locales,review-english-browser,False,False,False,True,False,False,130,46,browser-locales
lib/state/workspace-context.test.ts,browser-locales,review-node,False,False,False,False,False,False,2,6,node
lib/task-agent-error.test.ts,browser-locales,review-english-browser,False,False,False,True,False,False,32,20,browser-locales
lib/task-color-automation-settings.test.ts,browser-locales,review-node,False,False,False,False,False,False,2,10,node
lib/task-color-presentation.test.ts,browser-locales,review-english-browser,False,False,False,True,False,False,13,7,browser
lib/task-colors.test.ts,browser-locales,retain-full-or-review,True,True,False,True,True,False,14,39,browser-locales
lib/task-listing/view-navigation.test.ts,browser-locales,review-english-browser,False,False,False,True,False,False,4,10,browser
lib/task-listing/view-preference.test.ts,browser-locales,review-english-browser,False,True,False,True,False,False,2,10,browser
lib/task-pr-info.test.ts,browser-locales,review-node,False,False,False,False,False,False,2,7,node
lib/task-status-summary.test.ts,browser-locales,review-node,False,False,False,False,False,False,2,11,node
lib/task-title.test.ts,browser-locales,review-node,False,False,False,False,False,False,2,8,node
lib/tasks/launch-queue-view-model.test.ts,browser-locales,review-node,False,False,False,False,False,False,2,9,node
lib/tasks/task-list-sections.test.ts,browser-locales,review-english-browser,False,False,False,True,False,False,7,18,browser
lib/tasks/task-menu-target.test.ts,browser-locales,review-english-browser,False,False,False,True,False,False,132,52,browser-locales
lib/tasks/task-priority.test.ts,browser-locales,review-node,False,False,False,False,False,False,2,18,node
lib/tasks/tasks-list-options.test.ts,browser-locales,review-node,False,False,False,False,False,False,2,11,node
lib/tasks/unarchive-feedback.test.ts,browser-locales,review-english-browser,False,False,False,True,False,False,4,17,browser
lib/tasks/wip-queue-view-model.test.ts,browser-locales,review-node,False,False,False,False,False,False,7,10,node
lib/terminal/apply-shell-modifiers.test.ts,browser-locales,review-node,False,False,False,False,False,False,2,9,node
lib/terminal/key-sequences.test.ts,browser-locales,review-node,False,False,False,False,False,False,2,7,node
lib/terminal/mobile-active-terminal.test.ts,browser-locales,review-node,False,False,False,False,False,False,2,7,node
lib/terminal/refocus-xterm.test.ts,browser-locales,review-english-browser,False,True,False,True,False,False,2,12,browser
lib/terminal/send-shell-input.test.ts,browser-locales,review-english-browser,False,False,False,True,False,False,6,16,browser
lib/terminal/shell-modifiers.test.ts,browser-locales,review-node,False,False,False,False,False,False,2,10,node
lib/terminal/suppress-ios-keyboard-assists.test.ts,browser-locales,review-english-browser,False,True,False,True,False,False,2,11,browser
lib/terminal/terminal-busy-registry.test.ts,browser-locales,review-english-browser,False,False,False,True,False,False,3,10,browser
lib/terminal/terminal-font.test.ts,browser-locales,review-node,False,False,False,False,False,False,2,13,node
lib/terminal/touch-scroll.test.ts,browser-locales,review-english-browser,False,True,False,True,False,False,2,18,browser
lib/test-support/happy-dom-network.test.ts,browser,review-english-browser,False,True,False,True,False,False,1,5,browser
lib/test-support/noop-websocket.test.ts,browser-locales,review-english-browser,False,True,False,True,False,False,2,7,browser
lib/theme/terminal-theme.test.ts,browser-locales,review-english-browser,False,True,False,True,False,False,2,16,browser
lib/threads/active-threads.test.ts,browser-locales,review-node,False,False,False,False,False,False,2,17,node
lib/threads/stable-order.test.ts,browser-locales,review-english-browser,False,True,False,True,False,False,2,32,browser
lib/threads/thread-selection-fallback.test.ts,browser-locales,review-node,False,False,False,False,False,False,2,5,node
lib/threads/thread-session-selection.test.ts,browser-locales,review-english-browser,False,False,False,True,False,False,6,19,browser
lib/threads/thread-session-status.test.ts,browser-locales,review-node,False,False,False,False,False,False,3,11,node
lib/threads/thread-view-query.test.ts,browser-locales,review-node,False,False,False,False,False,False,4,25,node
lib/toast/sonner.test.ts,browser-locales,review-english-browser,False,False,True,True,False,False,7,144,browser-locales
lib/turn-duration.test.ts,browser-locales,review-node,False,False,False,False,False,False,2,9,node
lib/types/http.test.ts,browser-locales,review-node,False,False,False,False,False,False,4,6,node
lib/types/task-status-summary.test.ts,browser-locales,review-node,False,False,False,False,False,False,1,6,node
lib/types/team-access.test.ts,browser-locales,review-node,False,False,False,False,False,False,2,8,node
lib/ui/compositor-pulse.test.tsx,browser-locales,review-english-browser,False,True,False,True,False,False,1,54,browser
lib/ui/compositor-spin.test.tsx,browser-locales,review-english-browser,False,True,False,True,False,False,7,60,browser
lib/ui/control-sizing.test.tsx,browser-locales,review-english-browser,False,True,False,True,False,False,1,23,browser
lib/ui/parked-projection-no-flag.test.ts,browser-locales,review-node,False,False,True,False,False,False,1,8,browser-locales
lib/ui/persistent-motion-visibility.test.tsx,browser-locales,review-english-browser,False,True,False,True,False,False,1,20,browser
lib/ui/state-icons-parked.test.tsx,browser-locales,review-english-browser,False,True,False,True,False,False,7,60,browser
lib/ui/state-icons.test.tsx,browser-locales,review-english-browser,False,True,False,True,False,False,7,102,browser
lib/ui/state-labels.test.ts,browser-locales,retain-full-or-review,True,False,False,True,True,False,4,15,browser-locales
lib/user-settings-sync.test.ts,browser-locales,review-english-browser,False,True,False,True,False,False,13,569,browser
lib/utils.test.ts,browser-locales,retain-full-or-review,True,False,False,True,True,False,6,26,browser-locales
lib/utils/abort-error.test.ts,browser-locales,review-node,False,False,False,False,False,False,2,10,node
lib/utils/ansi.test.ts,browser-locales,review-node,False,False,False,False,False,False,2,9,node
lib/utils/branch-filter.test.ts,browser-locales,review-node,False,False,False,False,False,False,2,9,node
lib/utils/conversation-usage.test.ts,browser-locales,review-node,False,False,False,False,False,False,2,7,node
lib/utils/copy-repository-path.test.ts,browser-locales,review-english-browser,False,False,False,True,False,False,3,11,browser
lib/utils/copy-to-clipboard.test.ts,browser-locales,review-english-browser,False,True,False,True,False,False,2,24,browser
lib/utils/external-vcs-file-url.test.ts,browser-locales,review-node,False,False,False,False,False,False,2,19,node
lib/utils/file-change-status.test.ts,browser-locales,review-english-browser,False,False,False,True,False,False,4,10,browser
lib/utils/file-download.test.ts,browser-locales,review-english-browser,False,True,False,True,False,False,4,29,browser
lib/utils/file-types.test.ts,browser-locales,review-node,False,False,False,False,False,False,2,8,node
lib/utils/format-bytes.test.ts,browser-locales,review-node,False,False,False,False,False,False,2,9,node
lib/utils/github-repo-url.test.ts,browser-locales,review-node,False,False,False,False,False,False,2,13,node
lib/utils/gitlab-repo-url.test.ts,browser-locales,review-node,False,False,False,False,False,False,2,15,node
lib/utils/hash.test.ts,browser-locales,review-node,False,False,False,False,False,False,2,10,node
lib/utils/message-preview.test.ts,browser-locales,review-node,False,False,False,False,False,False,2,11,node
lib/utils/needs-action.test.ts,browser-locales,review-node,False,False,False,False,False,False,2,5,node
lib/utils/pending-clarification-detached.test.ts,browser-locales,review-node,False,False,False,False,False,False,6,11,node
lib/utils/pending-clarification-ordering.test.ts,browser-locales,review-node,False,False,False,False,False,False,6,5,node
lib/utils/pending-clarification-scope.test.ts,browser-locales,review-node,False,False,False,False,False,False,6,6,node
lib/utils/pending-clarification-turn-authority-fixture.test.ts,browser-locales,review-node,False,False,True,False,False,False,6,8,browser-locales
lib/utils/pending-clarification-turn-authority.test.ts,browser-locales,review-node,False,False,False,False,False,False,6,15,node
lib/utils/pending-clarification.test.ts,browser-locales,review-node,False,False,False,False,False,False,6,24,node
lib/utils/remote-repository-browser-url.test.ts,browser-locales,review-node,False,False,False,False,False,False,2,8,node
lib/utils/repo-filter.test.ts,browser-locales,review-node,False,False,False,False,False,False,3,7,node
lib/utils/retention-status.test.ts,browser-locales,review-node,False,False,False,False,False,False,2,14,node
lib/utils/selector-options.test.ts,browser-locales,review-node,False,False,False,False,False,False,2,14,node
lib/utils/session-info.test.ts,browser-locales,review-node,False,False,False,False,False,False,5,14,node
lib/utils/task-pending-input.test.ts,browser-locales,review-node,False,False,False,False,False,False,2,10,node
lib/utils/upload-selection.test.ts,browser-locales,review-node,False,False,False,False,False,False,2,11,node
lib/utils/workflow-instructions.test.ts,browser-locales,review-node,False,False,False,False,False,False,2,12,node
lib/walkthrough-editor-anchor.test.ts,browser-locales,review-english-browser,False,True,False,True,False,False,2,14,browser
lib/walkthrough-open-state.test.ts,browser-locales,review-english-browser,False,False,False,True,False,False,2,4,browser
lib/walkthrough-request.test.ts,browser-locales,review-node,False,False,False,False,False,False,4,7,node
lib/watcher-profile-default.test.ts,browser-locales,review-node,False,False,False,False,False,False,2,6,node
lib/watcher-repository-default.test.ts,browser-locales,review-node,False,False,False,False,False,False,2,8,node
lib/workflows/replay-cycle-analysis.test.ts,browser-locales,review-node,False,False,False,False,False,False,5,34,node
lib/workflows/session-config-carry-analysis.test.ts,browser-locales,review-node,False,False,False,False,False,False,2,9,node
lib/workspace-file-path.test.ts,browser-locales,review-node,False,False,False,False,False,False,2,15,node
lib/ws/client.test.ts,browser-locales,retain-full-or-review,False,False,False,True,True,False,19,295,browser-locales
lib/ws/connection-issue-monitor.test.ts,browser-locales,review-node,False,False,False,False,False,False,2,13,node
lib/ws/connection.test.tsx,browser-locales,review-english-browser,False,True,False,True,False,False,2,16,browser
lib/ws/handlers/agent-session-kanban.test.ts,browser-locales,review-english-browser,False,False,False,True,False,False,31,15,browser-locales
lib/ws/handlers/agent-session-pure.test.ts,browser-locales,review-english-browser,False,False,False,True,False,False,31,13,browser-locales
lib/ws/handlers/agent-session-quick-chat.test.ts,browser-locales,review-english-browser,False,False,False,True,False,False,140,150,browser-locales
lib/ws/handlers/agent-session.test.ts,browser-locales,review-english-browser,False,False,False,True,False,False,140,150,browser-locales
lib/ws/handlers/agents-settings-updated.test.ts,browser-locales,review-english-browser,False,False,False,True,False,False,69,13,browser-locales
lib/ws/handlers/agents.test.ts,browser-locales,review-english-browser,False,False,False,True,False,False,69,37,browser-locales
lib/ws/handlers/canvases.test.ts,browser-locales,review-english-browser,False,False,False,True,False,False,3,7,browser
lib/ws/handlers/empty-turn-notice.test.ts,browser-locales,review-english-browser,False,False,False,True,False,False,7,19,browser
lib/ws/handlers/executor-prepare.test.ts,browser-locales,review-node,False,False,False,False,False,False,4,11,node
lib/ws/handlers/git-status.test.ts,browser-locales,review-english-browser,False,False,False,True,False,False,138,60,browser-locales
lib/ws/handlers/github.test.ts,browser-locales,review-english-browser,False,False,False,True,False,False,131,74,browser-locales
lib/ws/handlers/gitlab.test.ts,browser-locales,review-node,False,False,False,False,False,False,2,9,node
lib/ws/handlers/kanban-auto-start-failed.test.ts,browser-locales,review-node,False,False,False,False,False,False,6,6,node
lib/ws/handlers/kanban-priority.test.ts,browser-locales,review-node,False,False,False,False,False,False,6,8,node
lib/ws/handlers/kanban-workspace-orphaned.test.ts,browser-locales,review-node,False,False,False,False,False,False,6,5,node
lib/ws/handlers/kanban.test.ts,browser-locales,review-node,False,False,False,False,False,False,6,16,node
lib/ws/handlers/messages.test.ts,browser-locales,review-node,False,False,False,False,False,False,5,32,node
lib/ws/handlers/notifications.test.ts,browser-locales,retain-full-or-review,True,True,False,True,True,False,18,23,browser-locales
lib/ws/handlers/office.test.ts,browser-locales,review-node,False,False,False,False,False,False,3,31,node
lib/ws/handlers/preview-feedback.test.ts,browser-locales,review-node,False,False,False,False,False,False,2,7,node
lib/ws/handlers/prompts.test.ts,browser-locales,review-english-browser,False,False,False,True,False,False,260,208,browser-locales
lib/ws/handlers/quick-chat.test.ts,browser-locales,review-node,False,False,False,False,False,False,2,31,node
lib/ws/handlers/repository-branch-policies.test.ts,browser-locales,review-node,False,False,False,False,False,False,4,15,node
lib/ws/handlers/repository-sets.test.ts,browser-locales,review-node,False,False,False,False,False,False,4,24,node
lib/ws/handlers/review.test.ts,browser-locales,review-node,False,False,False,False,False,False,2,11,node
lib/ws/handlers/session-confirmed-config-lifecycle.test.ts,browser-locales,review-english-browser,False,False,False,True,False,False,142,71,browser-locales
lib/ws/handlers/session-hostnames.test.ts,browser-locales,review-english-browser,False,False,False,True,False,False,131,33,browser-locales
lib/ws/handlers/session-info.test.ts,browser-locales,review-node,False,False,False,False,False,False,5,17,node
lib/ws/handlers/session-mcp-status.test.ts,browser-locales,review-node,False,False,False,False,False,False,2,8,node
lib/ws/handlers/session-mode.test.ts,browser-locales,review-node,False,False,False,False,False,False,2,43,node
lib/ws/handlers/session-models-confirmed-config.test.ts,browser-locales,review-english-browser,False,False,False,True,False,False,5,23,browser
lib/ws/handlers/session-models-startup.test.ts,browser-locales,review-english-browser,False,False,False,True,False,False,3,37,browser
lib/ws/handlers/session-models-user-selection.test.ts,browser-locales,review-english-browser,False,False,False,True,False,False,3,17,browser
lib/ws/handlers/session-models.test.ts,browser-locales,review-english-browser,False,False,False,True,False,False,3,29,browser
lib/ws/handlers/session-pending-action.test.ts,browser-locales,review-english-browser,False,False,False,True,False,False,260,14,browser-locales
lib/ws/handlers/session-workspace-recovery.test.ts,browser-locales,review-english-browser,False,False,False,True,False,False,260,65,browser-locales
lib/ws/handlers/ssh-launch-warning.test.ts,browser-locales,review-node,False,False,False,False,False,False,2,23,node
lib/ws/handlers/system-events.test.ts,browser-locales,review-english-browser,False,False,False,True,False,False,140,44,browser-locales
lib/ws/handlers/task-dependencies.test.ts,browser-locales,review-node,False,False,False,False,False,False,2,6,node
lib/ws/handlers/task-lifecycle-diagnostics.test.ts,browser-locales,review-english-browser,False,False,False,True,False,False,67,21,browser-locales
lib/ws/handlers/task-plan-comments.test.ts,browser-locales,review-node,False,False,False,False,False,False,2,13,node
lib/ws/handlers/task-plans.test.ts,browser-locales,review-node,False,False,False,False,False,False,2,16,node
lib/ws/handlers/task-reordered.test.ts,browser-locales,review-node,False,False,False,False,False,False,6,12,node
lib/ws/handlers/task-repositories.test.ts,browser-locales,review-node,False,False,False,False,False,False,2,12,node
lib/ws/handlers/tasks-activity.test.ts,browser-locales,review-english-browser,False,False,False,True,False,False,67,28,browser-locales
lib/ws/handlers/tasks-archive.test.ts,browser-locales,review-english-browser,False,True,False,True,False,False,67,18,browser-locales
lib/ws/handlers/tasks-assignee.test.ts,browser-locales,review-english-browser,False,False,False,True,False,False,67,12,browser-locales
lib/ws/handlers/tasks-created-snapshot.test.ts,browser-locales,review-english-browser,False,False,False,True,False,False,67,10,browser-locales
lib/ws/handlers/tasks-office-identity.test.ts,browser-locales,review-english-browser,False,False,False,True,False,False,68,12,browser-locales
lib/ws/handlers/tasks-pending-action.test.ts,browser-locales,review-english-browser,False,False,False,True,False,False,168,65,browser-locales
lib/ws/handlers/tasks-port-forwarding.test.ts,browser-locales,review-english-browser,False,False,False,True,False,False,67,10,browser-locales
lib/ws/handlers/tasks-quick-chat.test.ts,browser-locales,review-english-browser,False,False,False,True,False,False,68,14,browser-locales
lib/ws/handlers/tasks-runner-mutability.test.ts,browser-locales,review-english-browser,False,False,False,True,False,False,68,13,browser-locales
lib/ws/handlers/tasks-status-summary.test.ts,browser-locales,review-english-browser,False,False,False,True,False,False,68,14,browser-locales
lib/ws/handlers/tasks-unarchive.test.ts,browser-locales,review-english-browser,False,False,False,True,False,False,67,13,browser-locales
lib/ws/handlers/tasks-update-ordering.test.ts,browser-locales,review-english-browser,False,False,False,True,False,False,68,16,browser-locales
lib/ws/handlers/tasks-walkthrough-cleanup.test.ts,browser-locales,review-english-browser,False,True,False,True,False,False,67,10,browser-locales
lib/ws/handlers/tasks-workspace-orphaned.test.ts,browser-locales,review-english-browser,False,False,False,True,False,False,67,9,browser-locales
lib/ws/handlers/tasks.deleted.test.ts,browser-locales,review-english-browser,False,True,False,True,False,False,68,20,browser-locales
lib/ws/handlers/tasks.test.ts,browser-locales,review-english-browser,False,False,False,True,False,False,68,37,browser-locales
lib/ws/handlers/turns.test.ts,browser-locales,review-english-browser,False,False,False,True,False,False,44,42,browser-locales
lib/ws/handlers/users.test.ts,browser-locales,review-english-browser,False,False,False,True,False,False,120,47,browser-locales
lib/ws/handlers/walkthroughs.test.ts,browser-locales,review-node,False,False,False,False,False,False,2,24,node
lib/ws/handlers/workflows.test.ts,browser-locales,review-node,False,False,False,False,False,False,5,20,node
lib/ws/handlers/workspaces.test.ts,browser-locales,review-node,False,False,False,False,False,False,2,13,node
lib/ws/ordered-session-events.test.ts,browser-locales,review-node,False,False,False,False,False,False,4,9,node
lib/ws/plugin-bridge.test.ts,browser-locales,retain-full-or-review,False,False,False,True,True,False,11,11,browser-locales
lib/ws/use-websocket.test.tsx,browser-locales,retain-full-or-review,False,True,False,True,True,False,273,71,browser-locales
lib/ws/workspace-content-search.test.ts,browser-locales,review-node,False,False,False,False,False,False,2,6,node
lib/ws/workspace-files.test.ts,browser-locales,review-node,False,False,False,False,False,False,2,8,node
scripts/check-i18n-keys.test.ts,node,review-node,False,False,False,False,False,False,1,2812,node
scripts/check-no-em-dash-ui.test.ts,node,review-node,False,False,False,False,False,False,2,18,node
scripts/compact-runtime-fixture.test.ts,browser-locales,review-node,False,False,True,False,False,False,2,538,browser-locales
scripts/convert-zh-cn-to-zh-hant.test.mjs,node,review-node,False,False,True,False,False,False,3,1442,node
scripts/fix-trans-indices.test.ts,node,review-node,False,False,False,False,False,False,1,2122,node
scripts/generate-licenses-fallback.test.ts,node,review-node,False,False,False,False,False,False,2,10,node
scripts/generate-licenses.test.ts,node,review-node,False,False,True,False,False,False,1,320,node
scripts/i18n-parity.test.ts,node,review-node,False,False,False,False,False,False,1,632,node
scripts/i18n-sweep.test.ts,node,review-node,False,False,False,False,False,False,1,2735,node
scripts/lib/changed-files.test.ts,node,review-node,False,False,False,False,False,False,3,8,node
scripts/lib/diff-ranges.test.ts,node,review-node,False,False,False,False,False,False,2,10,node
scripts/lib/e2e-sleep-ratchet.test.ts,node,review-node,False,False,False,False,False,False,6,11324,node
scripts/lib/e2e-sleep-wiring.test.ts,node,review-node,False,False,True,False,False,False,2,3692,node
scripts/lib/e2e-wait-inventory.test.ts,node,review-node,False,False,True,False,False,False,2,103,node
scripts/lib/eslint-i18n-config.test.ts,node,review-node,False,False,False,False,False,False,1,1606,node
scripts/lib/git-base.test.ts,node,review-node,False,False,False,False,False,False,3,15968,node
scripts/lib/guard-allowlist.test.ts,node,review-node,False,False,False,False,False,False,3,183,node
scripts/lib/nonjsx-copy.test.ts,node,review-node,False,False,False,False,False,False,3,165,node
scripts/lib/nonjsx-scope.test.ts,node,review-node,False,False,False,False,False,False,3,1167,node
scripts/lib/removed-literals.test.ts,node,review-node,False,False,False,False,False,False,4,170,node
scripts/lib/tanstack-query-eslint-config.test.ts,browser-locales,review-node,False,False,False,False,False,False,1,1593,node
scripts/lib/task-link-wiring.test.ts,browser-locales,review-node,False,False,False,False,False,False,1,1678,node
scripts/vitest-project-selection.test.ts,node,retain-full-or-review,False,False,True,False,False,True,1,1312,node
scripts/vitest-worker-budget.test.ts,node,review-node,False,False,False,False,False,False,2,7,node
src/app-error-boundary.test.tsx,browser-locales,retain-full-or-review,False,True,False,True,True,True,3645,305,browser-locales
src/app-shell.test.tsx,browser-locales,retain-full-or-review,False,True,False,True,True,True,3633,161,browser-locales
src/bfcache-restore-reload.test.ts,browser-locales,review-english-browser,False,False,False,True,False,False,2,17,browser
src/boot-payload.test.ts,browser-locales,review-english-browser,False,False,False,True,False,False,3,24,browser
src/coordinator-route.test.tsx,browser-locales,retain-full-or-review,False,True,False,True,True,False,1517,638,browser-locales
src/kanban-route-startup.test.tsx,browser-locales,retain-full-or-review,False,True,False,True,True,False,1597,613,browser-locales
src/kanban-route.test.ts,browser-locales,retain-full-or-review,False,False,False,True,True,False,1597,6,browser-locales
src/office-routes.test.ts,browser-locales,retain-full-or-review,False,True,False,True,True,False,2067,14,browser-locales
src/office-routes.workspace-revision.test.tsx,browser-locales,retain-full-or-review,False,True,False,True,True,False,2067,108,browser-locales
src/office-routine-client-routes.test.tsx,browser-locales,review-english-browser,False,True,False,True,False,False,163,209,browser-locales
src/plugin-integration-settings-route.test.tsx,browser-locales,retain-full-or-review,False,True,False,True,True,False,1161,41,browser-locales
src/settings-route-helpers.test.ts,browser-locales,review-english-browser,False,True,False,True,False,False,17,8,browser
src/settings-routes.bootstrap.test.ts,browser-locales,review-english-browser,False,False,False,True,False,False,34,11,browser-locales
src/settings-routes.coordinators.test.tsx,browser-locales,retain-full-or-review,False,True,False,True,True,True,2310,79,browser-locales
src/settings-routes.feature-toggles.test.tsx,browser-locales,retain-full-or-review,False,True,False,True,True,True,2310,396,browser-locales
src/settings-routes.plugin.test.ts,browser-locales,retain-full-or-review,False,True,False,True,True,True,2310,100,browser-locales
src/settings-routes.test.ts,browser-locales,retain-full-or-review,False,True,False,True,True,True,2310,129,browser-locales
src/settings-routes.workspace-data.test.tsx,browser-locales,retain-full-or-review,False,True,False,True,True,False,1247,47,browser-locales
src/settings-routes.workspace-revision.test.tsx,browser-locales,review-english-browser,False,True,False,True,False,False,137,166,browser-locales
src/spa-routes.canvas.test.ts,browser-locales,retain-full-or-review,False,False,False,True,True,True,3454,6,browser-locales
src/spa-routes.coordinator.test.ts,browser-locales,retain-full-or-review,False,False,False,True,True,True,3454,11,browser-locales
src/spa-routes.loading.test.tsx,browser-locales,retain-full-or-review,False,True,False,True,True,True,3454,95,browser-locales
src/spa-routes.plugin.test.tsx,browser-locales,retain-full-or-review,False,True,False,True,True,True,3454,203,browser-locales
src/spa-routes.tasks-preferences.test.tsx,browser-locales,retain-full-or-review,False,True,False,True,True,True,3454,45,browser-locales
src/spa-routes.workspace.test.tsx,browser-locales,retain-full-or-review,False,True,False,True,True,True,3454,363,browser-locales
src/spa-routing.test.ts,browser-locales,retain-full-or-review,False,False,False,True,True,True,3455,13,browser-locales
src/task-detail-route-recovery.test.tsx,browser-locales,retain-full-or-review,False,True,False,True,True,False,2037,693,browser-locales
src/task-detail-route-workspace.test.tsx,browser-locales,retain-full-or-review,False,True,False,True,True,False,2037,127,browser-locales
src/task-detail-route.test.tsx,browser-locales,retain-full-or-review,False,True,False,True,True,False,2037,292,browser-locales
src/vite-preload-recovery.test.ts,browser-locales,review-english-browser,False,False,False,True,False,False,2,12,browser
vitest-environment.test.tsx,browser,review-english-browser,False,True,False,True,False,False,1,29,browser
vitest-monaco-editor.test.ts,browser-locales,review-node,False,False,False,False,False,False,1,7,browser-locales
